"component_id","component_size","crosses_splits","splits","sample_id","split","tumor_type"
"Glioma__enh_1016","2","False","train","Glioma__enh_1016","train","Glioma"
"Glioma__enh_1016","2","False","train","Glioma__enh_814","train","Glioma"
"Glioma__enh_1056","2","True","test,train","Glioma__enh_1056","train","Glioma"
"Glioma__enh_1056","2","True","test,train","Glioma__enh_572","test","Glioma"
"Glioma__enh_1060","2","True","test,train","Glioma__enh_1060","train","Glioma"
"Glioma__enh_1060","2","True","test,train","Glioma__enh_573","test","Glioma"
"Glioma__enh_1071","2","False","train","Glioma__enh_1071","train","Glioma"
"Glioma__enh_1071","2","False","train","Glioma__enh_823","train","Glioma"
"Glioma__enh_1096","2","True","test,train","Glioma__enh_1096","train","Glioma"
"Glioma__enh_1096","2","True","test,train","Glioma__enh_563","test","Glioma"
"Glioma__enh_1097","2","False","train","Glioma__enh_1097","train","Glioma"
"Glioma__enh_1097","2","False","train","Glioma__enh_821","train","Glioma"
"Glioma__enh_1100","2","True","test,train","Glioma__enh_1100","train","Glioma"
"Glioma__enh_1100","2","True","test,train","Glioma__enh_564","test","Glioma"
"Glioma__enh_1136","2","True","train,val","Glioma__enh_1136","val","Glioma"
"Glioma__enh_1136","2","True","train,val","Glioma__enh_790","train","Glioma"
"Glioma__enh_1187","2","False","train","Glioma__enh_1187","train","Glioma"
"Glioma__enh_1187","2","False","train","Glioma__enh_1494","train","Glioma"
"Glioma__enh_1188","2","True","train,val","Glioma__enh_1188","val","Glioma"
"Glioma__enh_1188","2","True","train,val","Glioma__enh_1499","train","Glioma"
"Glioma__enh_1191","2","False","train","Glioma__enh_1191","train","Glioma"
"Glioma__enh_1191","2","False","train","Glioma__enh_1530","train","Glioma"
"Glioma__enh_1194","2","False","train","Glioma__enh_1194","train","Glioma"
"Glioma__enh_1194","2","False","train","Glioma__enh_1545","train","Glioma"
"Glioma__enh_1197","2","False","train","Glioma__enh_1197","train","Glioma"
"Glioma__enh_1197","2","False","train","Glioma__enh_1558","train","Glioma"
"Glioma__enh_1203","2","False","train","Glioma__enh_1203","train","Glioma"
"Glioma__enh_1203","2","False","train","Glioma__enh_1380","train","Glioma"
"Glioma__enh_1205","2","True","train,val","Glioma__enh_1205","val","Glioma"
"Glioma__enh_1205","2","True","train,val","Glioma__enh_1385","train","Glioma"
"Glioma__enh_1208","2","False","train","Glioma__enh_1208","train","Glioma"
"Glioma__enh_1208","2","False","train","Glioma__enh_1419","train","Glioma"
"Glioma__enh_1209","2","False","train","Glioma__enh_1209","train","Glioma"
"Glioma__enh_1209","2","False","train","Glioma__enh_1564","train","Glioma"
"Glioma__enh_1210","2","True","train,val","Glioma__enh_1210","train","Glioma"
"Glioma__enh_1210","2","True","train,val","Glioma__enh_1567","val","Glioma"
"Glioma__enh_1211","2","True","train,val","Glioma__enh_1211","train","Glioma"
"Glioma__enh_1211","2","True","train,val","Glioma__enh_1320","val","Glioma"
"Glioma__enh_1214","2","True","test,val","Glioma__enh_1214","val","Glioma"
"Glioma__enh_1214","2","True","test,val","Glioma__enh_663","test","Glioma"
"Glioma__enh_1215","2","False","train","Glioma__enh_1215","train","Glioma"
"Glioma__enh_1215","2","False","train","Glioma__enh_1346","train","Glioma"
"Glioma__enh_1217","2","False","train","Glioma__enh_1217","train","Glioma"
"Glioma__enh_1217","2","False","train","Glioma__enh_1577","train","Glioma"
"Glioma__enh_1218","2","True","test,train","Glioma__enh_1218","train","Glioma"
"Glioma__enh_1218","2","True","test,train","Glioma__enh_687","test","Glioma"
"Glioma__enh_1222","2","False","train","Glioma__enh_1222","train","Glioma"
"Glioma__enh_1222","2","False","train","Glioma__enh_1243","train","Glioma"
"Glioma__enh_1227","2","True","train,val","Glioma__enh_1227","val","Glioma"
"Glioma__enh_1227","2","True","train,val","Glioma__enh_1281","train","Glioma"
"Glioma__enh_1228","2","False","train","Glioma__enh_1228","train","Glioma"
"Glioma__enh_1228","2","False","train","Glioma__enh_1286","train","Glioma"
"Glioma__enh_1244","2","True","test,train","Glioma__enh_1244","train","Glioma"
"Glioma__enh_1244","2","True","test,train","Glioma__enh_637","test","Glioma"
"Glioma__enh_1247","2","True","test,train","Glioma__enh_1247","train","Glioma"
"Glioma__enh_1247","2","True","test,train","Glioma__enh_638","test","Glioma"
"Glioma__enh_1273","2","True","test,train","Glioma__enh_1273","train","Glioma"
"Glioma__enh_1273","2","True","test,train","Glioma__enh_642","test","Glioma"
"Glioma__enh_1279","2","True","test,train","Glioma__enh_1279","train","Glioma"
"Glioma__enh_1279","2","True","test,train","Glioma__enh_643","test","Glioma"
"Glioma__enh_1283","2","True","test,train","Glioma__enh_1283","train","Glioma"
"Glioma__enh_1283","2","True","test,train","Glioma__enh_644","test","Glioma"
"Glioma__enh_1287","2","True","test,val","Glioma__enh_1287","val","Glioma"
"Glioma__enh_1287","2","True","test,val","Glioma__enh_645","test","Glioma"
"Glioma__enh_1321","2","True","test,train","Glioma__enh_1321","train","Glioma"
"Glioma__enh_1321","2","True","test,train","Glioma__enh_622","test","Glioma"
"Glioma__enh_1341","2","True","test,train","Glioma__enh_1341","train","Glioma"
"Glioma__enh_1341","2","True","test,train","Glioma__enh_626","test","Glioma"
"Glioma__enh_1349","2","True","test,train","Glioma__enh_1349","train","Glioma"
"Glioma__enh_1349","2","True","test,train","Glioma__enh_627","test","Glioma"
"Glioma__enh_1579","2","True","test,train","Glioma__enh_1579","train","Glioma"
"Glioma__enh_1579","2","True","test,train","Glioma__enh_630","test","Glioma"
"Glioma__enh_1609","2","True","train,val","Glioma__enh_1609","val","Glioma"
"Glioma__enh_1609","2","True","train,val","Glioma__enh_1882","train","Glioma"
"Glioma__enh_1614","2","True","test,train","Glioma__enh_1614","train","Glioma"
"Glioma__enh_1614","2","True","test,train","Glioma__enh_782","test","Glioma"
"Glioma__enh_1616","2","True","test,train","Glioma__enh_1616","train","Glioma"
"Glioma__enh_1616","2","True","test,train","Glioma__enh_784","test","Glioma"
"Glioma__enh_550","2","True","test,train","Glioma__enh_550","test","Glioma"
"Glioma__enh_550","2","True","test,train","Glioma__enh_980","train","Glioma"
"Glioma__enh_555","2","False","test","Glioma__enh_555","test","Glioma"
"Glioma__enh_555","2","False","test","Glioma__enh_599","test","Glioma"
"Glioma__enh_560","2","True","test,train","Glioma__enh_560","test","Glioma"
"Glioma__enh_560","2","True","test,train","Glioma__enh_879","train","Glioma"
"Glioma__enh_633","2","False","test","Glioma__enh_633","test","Glioma"
"Glioma__enh_633","2","False","test","Glioma__enh_649","test","Glioma"
"Glioma__enh_798","2","False","train","Glioma__enh_798","train","Glioma"
"Glioma__enh_798","2","False","train","Glioma__enh_832","train","Glioma"
"Glioma__enh_806","2","False","train","Glioma__enh_806","train","Glioma"
"Glioma__enh_806","2","False","train","Glioma__enh_945","train","Glioma"
"Glioma__enh_819","2","False","train","Glioma__enh_819","train","Glioma"
"Glioma__enh_819","2","False","train","Glioma__enh_878","train","Glioma"
"Meningioma__enh_1000","2","True","test,train","Meningioma__enh_1000","test","Meningioma"
"Meningioma__enh_1000","2","True","test,train","Meningioma__enh_1876","train","Meningioma"
"Meningioma__enh_1012","2","False","train","Meningioma__enh_1012","train","Meningioma"
"Meningioma__enh_1012","2","False","train","Meningioma__enh_1386","train","Meningioma"
"Meningioma__enh_1018","2","False","train","Meningioma__enh_1018","train","Meningioma"
"Meningioma__enh_1018","2","False","train","Meningioma__enh_1279","train","Meningioma"
"Meningioma__enh_1041","2","False","train","Meningioma__enh_1041","train","Meningioma"
"Meningioma__enh_1041","2","False","train","Meningioma__enh_1376","train","Meningioma"
"Meningioma__enh_1042","2","False","train","Meningioma__enh_1042","train","Meningioma"
"Meningioma__enh_1042","2","False","train","Meningioma__enh_1377","train","Meningioma"
"Meningioma__enh_1043","2","False","val","Meningioma__enh_1043","val","Meningioma"
"Meningioma__enh_1043","2","False","val","Meningioma__enh_1378","val","Meningioma"
"Meningioma__enh_1044","2","False","train","Meningioma__enh_1044","train","Meningioma"
"Meningioma__enh_1044","2","False","train","Meningioma__enh_1380","train","Meningioma"
"Meningioma__enh_1048","2","False","train","Meningioma__enh_1048","train","Meningioma"
"Meningioma__enh_1048","2","False","train","Meningioma__enh_1387","train","Meningioma"
"Meningioma__enh_1049","2","False","train","Meningioma__enh_1049","train","Meningioma"
"Meningioma__enh_1049","2","False","train","Meningioma__enh_1388","train","Meningioma"
"Meningioma__enh_1053","2","True","train,val","Meningioma__enh_1053","train","Meningioma"
"Meningioma__enh_1053","2","True","train,val","Meningioma__enh_1395","val","Meningioma"
"Meningioma__enh_1058","2","True","test,train","Meningioma__enh_1058","train","Meningioma"
"Meningioma__enh_1058","2","True","test,train","Meningioma__enh_832","test","Meningioma"
"Meningioma__enh_1061","2","False","train","Meningioma__enh_1061","train","Meningioma"
"Meningioma__enh_1061","2","False","train","Meningioma__enh_1404","train","Meningioma"
"Meningioma__enh_1062","2","False","train","Meningioma__enh_1062","train","Meningioma"
"Meningioma__enh_1062","2","False","train","Meningioma__enh_1407","train","Meningioma"
"Meningioma__enh_1071","2","True","train,val","Meningioma__enh_1071","val","Meningioma"
"Meningioma__enh_1071","2","True","train,val","Meningioma__enh_1419","train","Meningioma"
"Meningioma__enh_1072","2","True","test,train","Meningioma__enh_1072","train","Meningioma"
"Meningioma__enh_1072","2","True","test,train","Meningioma__enh_838","test","Meningioma"
"Meningioma__enh_1073","2","False","train","Meningioma__enh_1073","train","Meningioma"
"Meningioma__enh_1073","2","False","train","Meningioma__enh_1255","train","Meningioma"
"Meningioma__enh_1075","2","False","train","Meningioma__enh_1075","train","Meningioma"
"Meningioma__enh_1075","2","False","train","Meningioma__enh_1257","train","Meningioma"
"Meningioma__enh_1076","2","True","train,val","Meningioma__enh_1076","val","Meningioma"
"Meningioma__enh_1076","2","True","train,val","Meningioma__enh_1259","train","Meningioma"
"Meningioma__enh_1081","2","True","test,train","Meningioma__enh_1081","train","Meningioma"
"Meningioma__enh_1081","2","True","test,train","Meningioma__enh_804","test","Meningioma"
"Meningioma__enh_1086","2","True","test,train","Meningioma__enh_1086","train","Meningioma"
"Meningioma__enh_1086","2","True","test,train","Meningioma__enh_806","test","Meningioma"
"Meningioma__enh_1091","2","False","train","Meningioma__enh_1091","train","Meningioma"
"Meningioma__enh_1091","2","False","train","Meningioma__enh_1342","train","Meningioma"
"Meningioma__enh_1094","2","True","test,train","Meningioma__enh_1094","train","Meningioma"
"Meningioma__enh_1094","2","True","test,train","Meningioma__enh_827","test","Meningioma"
"Meningioma__enh_1095","2","True","train,val","Meningioma__enh_1095","train","Meningioma"
"Meningioma__enh_1095","2","True","train,val","Meningioma__enh_1345","val","Meningioma"
"Meningioma__enh_1096","2","True","train,val","Meningioma__enh_1096","val","Meningioma"
"Meningioma__enh_1096","2","True","train,val","Meningioma__enh_1346","train","Meningioma"
"Meningioma__enh_1100","2","True","test,train","Meningioma__enh_1100","train","Meningioma"
"Meningioma__enh_1100","2","True","test,train","Meningioma__enh_829","test","Meningioma"
"Meningioma__enh_1133","2","False","train","Meningioma__enh_1133","train","Meningioma"
"Meningioma__enh_1133","2","False","train","Meningioma__enh_1291","train","Meningioma"
"Meningioma__enh_1162","2","True","test,val","Meningioma__enh_1162","val","Meningioma"
"Meningioma__enh_1162","2","True","test,val","Meningioma__enh_833","test","Meningioma"
"Meningioma__enh_1168","2","False","train","Meningioma__enh_1168","train","Meningioma"
"Meningioma__enh_1168","2","False","train","Meningioma__enh_1275","train","Meningioma"
"Meningioma__enh_1171","2","False","train","Meningioma__enh_1171","train","Meningioma"
"Meningioma__enh_1171","2","False","train","Meningioma__enh_1283","train","Meningioma"
"Meningioma__enh_1173","2","True","test,train","Meningioma__enh_1173","train","Meningioma"
"Meningioma__enh_1173","2","True","test,train","Meningioma__enh_809","test","Meningioma"
"Meningioma__enh_1174","2","False","train","Meningioma__enh_1174","train","Meningioma"
"Meningioma__enh_1174","2","False","train","Meningioma__enh_1289","train","Meningioma"
"Meningioma__enh_1176","2","True","train,val","Meningioma__enh_1176","train","Meningioma"
"Meningioma__enh_1176","2","True","train,val","Meningioma__enh_1292","val","Meningioma"
"Meningioma__enh_1177","2","True","train,val","Meningioma__enh_1177","train","Meningioma"
"Meningioma__enh_1177","2","True","train,val","Meningioma__enh_1294","val","Meningioma"
"Meningioma__enh_1181","2","False","train","Meningioma__enh_1181","train","Meningioma"
"Meningioma__enh_1181","2","False","train","Meningioma__enh_1299","train","Meningioma"
"Meningioma__enh_1182","2","True","train,val","Meningioma__enh_1182","val","Meningioma"
"Meningioma__enh_1182","2","True","train,val","Meningioma__enh_1300","train","Meningioma"
"Meningioma__enh_1183","2","True","train,val","Meningioma__enh_1183","train","Meningioma"
"Meningioma__enh_1183","2","True","train,val","Meningioma__enh_1301","val","Meningioma"
"Meningioma__enh_1185","2","True","test,train","Meningioma__enh_1185","train","Meningioma"
"Meningioma__enh_1185","2","True","test,train","Meningioma__enh_814","test","Meningioma"
"Meningioma__enh_1187","2","False","train","Meningioma__enh_1187","train","Meningioma"
"Meningioma__enh_1187","2","False","train","Meningioma__enh_1303","train","Meningioma"
"Meningioma__enh_1188","2","False","train","Meningioma__enh_1188","train","Meningioma"
"Meningioma__enh_1188","2","False","train","Meningioma__enh_1304","train","Meningioma"
"Meningioma__enh_1190","2","True","test,train","Meningioma__enh_1190","train","Meningioma"
"Meningioma__enh_1190","2","True","test,train","Meningioma__enh_815","test","Meningioma"
"Meningioma__enh_1191","2","False","train","Meningioma__enh_1191","train","Meningioma"
"Meningioma__enh_1191","2","False","train","Meningioma__enh_1306","train","Meningioma"
"Meningioma__enh_1195","2","True","test,train","Meningioma__enh_1195","train","Meningioma"
"Meningioma__enh_1195","2","True","test,train","Meningioma__enh_817","test","Meningioma"
"Meningioma__enh_1196","2","True","train,val","Meningioma__enh_1196","val","Meningioma"
"Meningioma__enh_1196","2","True","train,val","Meningioma__enh_1312","train","Meningioma"
"Meningioma__enh_1197","2","False","train","Meningioma__enh_1197","train","Meningioma"
"Meningioma__enh_1197","2","False","train","Meningioma__enh_1313","train","Meningioma"
"Meningioma__enh_1199","2","True","test,train","Meningioma__enh_1199","train","Meningioma"
"Meningioma__enh_1199","2","True","test,train","Meningioma__enh_818","test","Meningioma"
"Meningioma__enh_1202","2","True","train,val","Meningioma__enh_1202","val","Meningioma"
"Meningioma__enh_1202","2","True","train,val","Meningioma__enh_1318","train","Meningioma"
"Meningioma__enh_1206","2","True","test,train","Meningioma__enh_1206","train","Meningioma"
"Meningioma__enh_1206","2","True","test,train","Meningioma__enh_820","test","Meningioma"
"Meningioma__enh_1208","2","False","train","Meningioma__enh_1208","train","Meningioma"
"Meningioma__enh_1208","2","False","train","Meningioma__enh_1322","train","Meningioma"
"Meningioma__enh_1209","2","False","train","Meningioma__enh_1209","train","Meningioma"
"Meningioma__enh_1209","2","False","train","Meningioma__enh_1323","train","Meningioma"
"Meningioma__enh_1210","2","False","train","Meningioma__enh_1210","train","Meningioma"
"Meningioma__enh_1210","2","False","train","Meningioma__enh_1324","train","Meningioma"
"Meningioma__enh_1211","2","True","test,train","Meningioma__enh_1211","train","Meningioma"
"Meningioma__enh_1211","2","True","test,train","Meningioma__enh_821","test","Meningioma"
"Meningioma__enh_1212","2","False","train","Meningioma__enh_1212","train","Meningioma"
"Meningioma__enh_1212","2","False","train","Meningioma__enh_1326","train","Meningioma"
"Meningioma__enh_1213","2","True","train,val","Meningioma__enh_1213","val","Meningioma"
"Meningioma__enh_1213","2","True","train,val","Meningioma__enh_1327","train","Meningioma"
"Meningioma__enh_1214","2","False","train","Meningioma__enh_1214","train","Meningioma"
"Meningioma__enh_1214","2","False","train","Meningioma__enh_1328","train","Meningioma"
"Meningioma__enh_1219","2","False","train","Meningioma__enh_1219","train","Meningioma"
"Meningioma__enh_1219","2","False","train","Meningioma__enh_1331","train","Meningioma"
"Meningioma__enh_1220","2","False","train","Meningioma__enh_1220","train","Meningioma"
"Meningioma__enh_1220","2","False","train","Meningioma__enh_1332","train","Meningioma"
"Meningioma__enh_1221","2","True","train,val","Meningioma__enh_1221","train","Meningioma"
"Meningioma__enh_1221","2","True","train,val","Meningioma__enh_1333","val","Meningioma"
"Meningioma__enh_1222","2","True","test,train","Meningioma__enh_1222","train","Meningioma"
"Meningioma__enh_1222","2","True","test,train","Meningioma__enh_824","test","Meningioma"
"Meningioma__enh_1227","2","True","train,val","Meningioma__enh_1227","train","Meningioma"
"Meningioma__enh_1227","2","True","train,val","Meningioma__enh_1339","val","Meningioma"
"Meningioma__enh_1258","2","True","test,train","Meningioma__enh_1258","train","Meningioma"
"Meningioma__enh_1258","2","True","test,train","Meningioma__enh_795","test","Meningioma"
"Meningioma__enh_1282","2","True","test,train","Meningioma__enh_1282","train","Meningioma"
"Meningioma__enh_1282","2","True","test,train","Meningioma__enh_777","test","Meningioma"
"Meningioma__enh_1311","2","True","test,train","Meningioma__enh_1311","train","Meningioma"
"Meningioma__enh_1311","2","True","test,train","Meningioma__enh_799","test","Meningioma"
"Meningioma__enh_1317","2","True","test,train","Meningioma__enh_1317","train","Meningioma"
"Meningioma__enh_1317","2","True","test,train","Meningioma__enh_779","test","Meningioma"
"Meningioma__enh_1360","2","True","test,val","Meningioma__enh_1360","val","Meningioma"
"Meningioma__enh_1360","2","True","test,val","Meningioma__enh_781","test","Meningioma"
"Meningioma__enh_1365","2","True","test,train","Meningioma__enh_1365","train","Meningioma"
"Meningioma__enh_1365","2","True","test,train","Meningioma__enh_782","test","Meningioma"
"Meningioma__enh_1389","2","True","test,train","Meningioma__enh_1389","train","Meningioma"
"Meningioma__enh_1389","2","True","test,train","Meningioma__enh_787","test","Meningioma"
"Meningioma__enh_1401","2","True","test,train","Meningioma__enh_1401","train","Meningioma"
"Meningioma__enh_1401","2","True","test,train","Meningioma__enh_790","test","Meningioma"
"Meningioma__enh_1405","2","True","test,train","Meningioma__enh_1405","train","Meningioma"
"Meningioma__enh_1405","2","True","test,train","Meningioma__enh_791","test","Meningioma"
"Meningioma__enh_1406","2","True","test,val","Meningioma__enh_1406","val","Meningioma"
"Meningioma__enh_1406","2","True","test,val","Meningioma__enh_775","test","Meningioma"
"Meningioma__enh_1420","2","True","test,train","Meningioma__enh_1420","train","Meningioma"
"Meningioma__enh_1420","2","True","test,train","Meningioma__enh_794","test","Meningioma"
"Meningioma__enh_1424","2","True","test,train","Meningioma__enh_1424","train","Meningioma"
"Meningioma__enh_1424","2","True","test,train","Meningioma__enh_868","test","Meningioma"
"Meningioma__enh_1425","2","False","train","Meningioma__enh_1425","train","Meningioma"
"Meningioma__enh_1425","2","False","train","Meningioma__enh_1650","train","Meningioma"
"Meningioma__enh_1430","2","False","train","Meningioma__enh_1430","train","Meningioma"
"Meningioma__enh_1430","2","False","train","Meningioma__enh_1655","train","Meningioma"
"Meningioma__enh_1433","2","True","test,train","Meningioma__enh_1433","train","Meningioma"
"Meningioma__enh_1433","2","True","test,train","Meningioma__enh_871","test","Meningioma"
"Meningioma__enh_1436","2","True","test,train","Meningioma__enh_1436","train","Meningioma"
"Meningioma__enh_1436","2","True","test,train","Meningioma__enh_873","test","Meningioma"
"Meningioma__enh_1437","2","False","train","Meningioma__enh_1437","train","Meningioma"
"Meningioma__enh_1437","2","False","train","Meningioma__enh_1663","train","Meningioma"
"Meningioma__enh_1444","2","False","train","Meningioma__enh_1444","train","Meningioma"
"Meningioma__enh_1444","2","False","train","Meningioma__enh_1670","train","Meningioma"
"Meningioma__enh_1445","2","True","test,val","Meningioma__enh_1445","val","Meningioma"
"Meningioma__enh_1445","2","True","test,val","Meningioma__enh_875","test","Meningioma"
"Meningioma__enh_1450","2","False","train","Meningioma__enh_1450","train","Meningioma"
"Meningioma__enh_1450","2","False","train","Meningioma__enh_1675","train","Meningioma"
"Meningioma__enh_1451","2","False","train","Meningioma__enh_1451","train","Meningioma"
"Meningioma__enh_1451","2","False","train","Meningioma__enh_1676","train","Meningioma"
"Meningioma__enh_1454","2","True","test,train","Meningioma__enh_1454","train","Meningioma"
"Meningioma__enh_1454","2","True","test,train","Meningioma__enh_878","test","Meningioma"
"Meningioma__enh_1455","2","False","train","Meningioma__enh_1455","train","Meningioma"
"Meningioma__enh_1455","2","False","train","Meningioma__enh_1679","train","Meningioma"
"Meningioma__enh_1459","2","False","train","Meningioma__enh_1459","train","Meningioma"
"Meningioma__enh_1459","2","False","train","Meningioma__enh_1682","train","Meningioma"
"Meningioma__enh_1462","2","False","train","Meningioma__enh_1462","train","Meningioma"
"Meningioma__enh_1462","2","False","train","Meningioma__enh_1684","train","Meningioma"
"Meningioma__enh_1465","2","True","test,train","Meningioma__enh_1465","train","Meningioma"
"Meningioma__enh_1465","2","True","test,train","Meningioma__enh_881","test","Meningioma"
"Meningioma__enh_1466","2","False","train","Meningioma__enh_1466","train","Meningioma"
"Meningioma__enh_1466","2","False","train","Meningioma__enh_1688","train","Meningioma"
"Meningioma__enh_1467","2","False","train","Meningioma__enh_1467","train","Meningioma"
"Meningioma__enh_1467","2","False","train","Meningioma__enh_1689","train","Meningioma"
"Meningioma__enh_1471","2","True","test,train","Meningioma__enh_1471","train","Meningioma"
"Meningioma__enh_1471","2","True","test,train","Meningioma__enh_883","test","Meningioma"
"Meningioma__enh_1472","2","True","train,val","Meningioma__enh_1472","val","Meningioma"
"Meningioma__enh_1472","2","True","train,val","Meningioma__enh_1692","train","Meningioma"
"Meningioma__enh_1473","2","False","train","Meningioma__enh_1473","train","Meningioma"
"Meningioma__enh_1473","2","False","train","Meningioma__enh_1694","train","Meningioma"
"Meningioma__enh_1474","2","True","test,val","Meningioma__enh_1474","val","Meningioma"
"Meningioma__enh_1474","2","True","test,val","Meningioma__enh_884","test","Meningioma"
"Meningioma__enh_1475","2","False","train","Meningioma__enh_1475","train","Meningioma"
"Meningioma__enh_1475","2","False","train","Meningioma__enh_1696","train","Meningioma"
"Meningioma__enh_1476","2","True","train,val","Meningioma__enh_1476","val","Meningioma"
"Meningioma__enh_1476","2","True","train,val","Meningioma__enh_1697","train","Meningioma"
"Meningioma__enh_1478","2","False","train","Meningioma__enh_1478","train","Meningioma"
"Meningioma__enh_1478","2","False","train","Meningioma__enh_1699","train","Meningioma"
"Meningioma__enh_1479","2","False","train","Meningioma__enh_1479","train","Meningioma"
"Meningioma__enh_1479","2","False","train","Meningioma__enh_1700","train","Meningioma"
"Meningioma__enh_1482","2","True","train,val","Meningioma__enh_1482","train","Meningioma"
"Meningioma__enh_1482","2","True","train,val","Meningioma__enh_1703","val","Meningioma"
"Meningioma__enh_1483","2","True","test,train","Meningioma__enh_1483","train","Meningioma"
"Meningioma__enh_1483","2","True","test,train","Meningioma__enh_886","test","Meningioma"
"Meningioma__enh_1484","2","False","train","Meningioma__enh_1484","train","Meningioma"
"Meningioma__enh_1484","2","False","train","Meningioma__enh_1704","train","Meningioma"
"Meningioma__enh_1485","2","True","test,train","Meningioma__enh_1485","train","Meningioma"
"Meningioma__enh_1485","2","True","test,train","Meningioma__enh_887","test","Meningioma"
"Meningioma__enh_1486","2","True","train,val","Meningioma__enh_1486","val","Meningioma"
"Meningioma__enh_1486","2","True","train,val","Meningioma__enh_1706","train","Meningioma"
"Meningioma__enh_1507","2","True","test,train","Meningioma__enh_1507","train","Meningioma"
"Meningioma__enh_1507","2","True","test,train","Meningioma__enh_913","test","Meningioma"
"Meningioma__enh_1509","2","True","test,train","Meningioma__enh_1509","train","Meningioma"
"Meningioma__enh_1509","2","True","test,train","Meningioma__enh_893","test","Meningioma"
"Meningioma__enh_1510","2","False","train","Meningioma__enh_1510","train","Meningioma"
"Meningioma__enh_1510","2","False","train","Meningioma__enh_1727","train","Meningioma"
"Meningioma__enh_1514","2","False","train","Meningioma__enh_1514","train","Meningioma"
"Meningioma__enh_1514","2","False","train","Meningioma__enh_1731","train","Meningioma"
"Meningioma__enh_1517","2","False","train","Meningioma__enh_1517","train","Meningioma"
"Meningioma__enh_1517","2","False","train","Meningioma__enh_1792","train","Meningioma"
"Meningioma__enh_1519","2","False","train","Meningioma__enh_1519","train","Meningioma"
"Meningioma__enh_1519","2","False","train","Meningioma__enh_1735","train","Meningioma"
"Meningioma__enh_1520","2","True","test,train","Meningioma__enh_1520","train","Meningioma"
"Meningioma__enh_1520","2","True","test,train","Meningioma__enh_895","test","Meningioma"
"Meningioma__enh_1521","2","True","train,val","Meningioma__enh_1521","train","Meningioma"
"Meningioma__enh_1521","2","True","train,val","Meningioma__enh_1736","val","Meningioma"
"Meningioma__enh_1522","2","False","train","Meningioma__enh_1522","train","Meningioma"
"Meningioma__enh_1522","2","False","train","Meningioma__enh_1737","train","Meningioma"
"Meningioma__enh_1523","2","True","test,train","Meningioma__enh_1523","train","Meningioma"
"Meningioma__enh_1523","2","True","test,train","Meningioma__enh_896","test","Meningioma"
"Meningioma__enh_1524","2","True","train,val","Meningioma__enh_1524","train","Meningioma"
"Meningioma__enh_1524","2","True","train,val","Meningioma__enh_1738","val","Meningioma"
"Meningioma__enh_1527","2","True","test,train","Meningioma__enh_1527","train","Meningioma"
"Meningioma__enh_1527","2","True","test,train","Meningioma__enh_897","test","Meningioma"
"Meningioma__enh_1528","2","False","train","Meningioma__enh_1528","train","Meningioma"
"Meningioma__enh_1528","2","False","train","Meningioma__enh_1793","train","Meningioma"
"Meningioma__enh_1529","2","False","train","Meningioma__enh_1529","train","Meningioma"
"Meningioma__enh_1529","2","False","train","Meningioma__enh_1741","train","Meningioma"
"Meningioma__enh_1530","2","True","train,val","Meningioma__enh_1530","train","Meningioma"
"Meningioma__enh_1530","2","True","train,val","Meningioma__enh_1742","val","Meningioma"
"Meningioma__enh_1531","2","False","train","Meningioma__enh_1531","train","Meningioma"
"Meningioma__enh_1531","2","False","train","Meningioma__enh_1743","train","Meningioma"
"Meningioma__enh_1532","2","True","test,val","Meningioma__enh_1532","val","Meningioma"
"Meningioma__enh_1532","2","True","test,val","Meningioma__enh_898","test","Meningioma"
"Meningioma__enh_1536","2","False","train","Meningioma__enh_1536","train","Meningioma"
"Meningioma__enh_1536","2","False","train","Meningioma__enh_1746","train","Meningioma"
"Meningioma__enh_1537","2","False","train","Meningioma__enh_1537","train","Meningioma"
"Meningioma__enh_1537","2","False","train","Meningioma__enh_1747","train","Meningioma"
"Meningioma__enh_1538","2","False","train","Meningioma__enh_1538","train","Meningioma"
"Meningioma__enh_1538","2","False","train","Meningioma__enh_1748","train","Meningioma"
"Meningioma__enh_1539","2","True","train,val","Meningioma__enh_1539","train","Meningioma"
"Meningioma__enh_1539","2","True","train,val","Meningioma__enh_1794","val","Meningioma"
"Meningioma__enh_1544","2","False","train","Meningioma__enh_1544","train","Meningioma"
"Meningioma__enh_1544","2","False","train","Meningioma__enh_1753","train","Meningioma"
"Meningioma__enh_1545","2","True","test,val","Meningioma__enh_1545","val","Meningioma"
"Meningioma__enh_1545","2","True","test,val","Meningioma__enh_902","test","Meningioma"
"Meningioma__enh_1547","2","True","test,train","Meningioma__enh_1547","train","Meningioma"
"Meningioma__enh_1547","2","True","test,train","Meningioma__enh_914","test","Meningioma"
"Meningioma__enh_1548","2","False","train","Meningioma__enh_1548","train","Meningioma"
"Meningioma__enh_1548","2","False","train","Meningioma__enh_1756","train","Meningioma"
"Meningioma__enh_1549","2","True","test,train","Meningioma__enh_1549","train","Meningioma"
"Meningioma__enh_1549","2","True","test,train","Meningioma__enh_903","test","Meningioma"
"Meningioma__enh_1552","2","False","train","Meningioma__enh_1552","train","Meningioma"
"Meningioma__enh_1552","2","False","train","Meningioma__enh_1759","train","Meningioma"
"Meningioma__enh_1553","2","False","train","Meningioma__enh_1553","train","Meningioma"
"Meningioma__enh_1553","2","False","train","Meningioma__enh_1760","train","Meningioma"
"Meningioma__enh_1555","2","False","train","Meningioma__enh_1555","train","Meningioma"
"Meningioma__enh_1555","2","False","train","Meningioma__enh_1762","train","Meningioma"
"Meningioma__enh_1556","2","False","train","Meningioma__enh_1556","train","Meningioma"
"Meningioma__enh_1556","2","False","train","Meningioma__enh_1763","train","Meningioma"
"Meningioma__enh_1561","2","True","train,val","Meningioma__enh_1561","train","Meningioma"
"Meningioma__enh_1561","2","True","train,val","Meningioma__enh_1766","val","Meningioma"
"Meningioma__enh_1565","2","False","train","Meningioma__enh_1565","train","Meningioma"
"Meningioma__enh_1565","2","False","train","Meningioma__enh_1770","train","Meningioma"
"Meningioma__enh_1566","2","True","test,train","Meningioma__enh_1566","train","Meningioma"
"Meningioma__enh_1566","2","True","test,train","Meningioma__enh_906","test","Meningioma"
"Meningioma__enh_1568","2","False","train","Meningioma__enh_1568","train","Meningioma"
"Meningioma__enh_1568","2","False","train","Meningioma__enh_1771","train","Meningioma"
"Meningioma__enh_1570","2","False","train","Meningioma__enh_1570","train","Meningioma"
"Meningioma__enh_1570","2","False","train","Meningioma__enh_1773","train","Meningioma"
"Meningioma__enh_1571","2","True","test,val","Meningioma__enh_1571","val","Meningioma"
"Meningioma__enh_1571","2","True","test,val","Meningioma__enh_907","test","Meningioma"
"Meningioma__enh_1572","2","False","train","Meningioma__enh_1572","train","Meningioma"
"Meningioma__enh_1572","2","False","train","Meningioma__enh_1774","train","Meningioma"
"Meningioma__enh_1573","2","False","train","Meningioma__enh_1573","train","Meningioma"
"Meningioma__enh_1573","2","False","train","Meningioma__enh_1775","train","Meningioma"
"Meningioma__enh_1574","2","True","test,train","Meningioma__enh_1574","train","Meningioma"
"Meningioma__enh_1574","2","True","test,train","Meningioma__enh_908","test","Meningioma"
"Meningioma__enh_1575","2","True","train,val","Meningioma__enh_1575","val","Meningioma"
"Meningioma__enh_1575","2","True","train,val","Meningioma__enh_1776","train","Meningioma"
"Meningioma__enh_1576","2","False","train","Meningioma__enh_1576","train","Meningioma"
"Meningioma__enh_1576","2","False","train","Meningioma__enh_1777","train","Meningioma"
"Meningioma__enh_1577","2","True","train,val","Meningioma__enh_1577","val","Meningioma"
"Meningioma__enh_1577","2","True","train,val","Meningioma__enh_1778","train","Meningioma"
"Meningioma__enh_1578","2","False","train","Meningioma__enh_1578","train","Meningioma"
"Meningioma__enh_1578","2","False","train","Meningioma__enh_1797","train","Meningioma"
"Meningioma__enh_1579","2","True","test,val","Meningioma__enh_1579","val","Meningioma"
"Meningioma__enh_1579","2","True","test,val","Meningioma__enh_909","test","Meningioma"
"Meningioma__enh_1580","2","False","train","Meningioma__enh_1580","train","Meningioma"
"Meningioma__enh_1580","2","False","train","Meningioma__enh_1779","train","Meningioma"
"Meningioma__enh_1581","2","False","train","Meningioma__enh_1581","train","Meningioma"
"Meningioma__enh_1581","2","False","train","Meningioma__enh_1780","train","Meningioma"
"Meningioma__enh_1582","2","False","train","Meningioma__enh_1582","train","Meningioma"
"Meningioma__enh_1582","2","False","train","Meningioma__enh_1781","train","Meningioma"
"Meningioma__enh_1583","2","True","test,train","Meningioma__enh_1583","train","Meningioma"
"Meningioma__enh_1583","2","True","test,train","Meningioma__enh_910","test","Meningioma"
"Meningioma__enh_1585","2","False","train","Meningioma__enh_1585","train","Meningioma"
"Meningioma__enh_1585","2","False","train","Meningioma__enh_1783","train","Meningioma"
"Meningioma__enh_1586","2","True","test,val","Meningioma__enh_1586","val","Meningioma"
"Meningioma__enh_1586","2","True","test,val","Meningioma__enh_911","test","Meningioma"
"Meningioma__enh_1587","2","False","val","Meningioma__enh_1587","val","Meningioma"
"Meningioma__enh_1587","2","False","val","Meningioma__enh_1798","val","Meningioma"
"Meningioma__enh_1588","2","True","train,val","Meningioma__enh_1588","val","Meningioma"
"Meningioma__enh_1588","2","True","train,val","Meningioma__enh_1799","train","Meningioma"
"Meningioma__enh_1590","2","False","train","Meningioma__enh_1590","train","Meningioma"
"Meningioma__enh_1590","2","False","train","Meningioma__enh_1800","train","Meningioma"
"Meningioma__enh_1592","2","False","train","Meningioma__enh_1592","train","Meningioma"
"Meningioma__enh_1592","2","False","train","Meningioma__enh_1801","train","Meningioma"
"Meningioma__enh_1596","2","False","train","Meningioma__enh_1596","train","Meningioma"
"Meningioma__enh_1596","2","False","train","Meningioma__enh_1804","train","Meningioma"
"Meningioma__enh_1597","2","False","train","Meningioma__enh_1597","train","Meningioma"
"Meningioma__enh_1597","2","False","train","Meningioma__enh_1805","train","Meningioma"
"Meningioma__enh_1601","2","True","train,val","Meningioma__enh_1601","train","Meningioma"
"Meningioma__enh_1601","2","True","train,val","Meningioma__enh_1808","val","Meningioma"
"Meningioma__enh_1602","2","True","test,train","Meningioma__enh_1602","train","Meningioma"
"Meningioma__enh_1602","2","True","test,train","Meningioma__enh_918","test","Meningioma"
"Meningioma__enh_1603","2","False","train","Meningioma__enh_1603","train","Meningioma"
"Meningioma__enh_1603","2","False","train","Meningioma__enh_1809","train","Meningioma"
"Meningioma__enh_1604","2","True","train,val","Meningioma__enh_1604","val","Meningioma"
"Meningioma__enh_1604","2","True","train,val","Meningioma__enh_1810","train","Meningioma"
"Meningioma__enh_1605","2","False","train","Meningioma__enh_1605","train","Meningioma"
"Meningioma__enh_1605","2","False","train","Meningioma__enh_1811","train","Meningioma"
"Meningioma__enh_1606","2","True","test,val","Meningioma__enh_1606","val","Meningioma"
"Meningioma__enh_1606","2","True","test,val","Meningioma__enh_919","test","Meningioma"
"Meningioma__enh_1608","2","False","train","Meningioma__enh_1608","train","Meningioma"
"Meningioma__enh_1608","2","False","train","Meningioma__enh_1813","train","Meningioma"
"Meningioma__enh_1609","2","True","test,train","Meningioma__enh_1609","train","Meningioma"
"Meningioma__enh_1609","2","True","test,train","Meningioma__enh_920","test","Meningioma"
"Meningioma__enh_1612","2","False","train","Meningioma__enh_1612","train","Meningioma"
"Meningioma__enh_1612","2","False","train","Meningioma__enh_1815","train","Meningioma"
"Meningioma__enh_1613","2","True","train,val","Meningioma__enh_1613","train","Meningioma"
"Meningioma__enh_1613","2","True","train,val","Meningioma__enh_1816","val","Meningioma"
"Meningioma__enh_1617","2","True","train,val","Meningioma__enh_1617","train","Meningioma"
"Meningioma__enh_1617","2","True","train,val","Meningioma__enh_1819","val","Meningioma"
"Meningioma__enh_1618","2","True","test,train","Meningioma__enh_1618","train","Meningioma"
"Meningioma__enh_1618","2","True","test,train","Meningioma__enh_922","test","Meningioma"
"Meningioma__enh_1620","2","False","train","Meningioma__enh_1620","train","Meningioma"
"Meningioma__enh_1620","2","False","train","Meningioma__enh_1821","train","Meningioma"
"Meningioma__enh_1622","2","False","train","Meningioma__enh_1622","train","Meningioma"
"Meningioma__enh_1622","2","False","train","Meningioma__enh_1707","train","Meningioma"
"Meningioma__enh_1623","2","False","train","Meningioma__enh_1623","train","Meningioma"
"Meningioma__enh_1623","2","False","train","Meningioma__enh_1708","train","Meningioma"
"Meningioma__enh_1630","2","False","train","Meningioma__enh_1630","train","Meningioma"
"Meningioma__enh_1630","2","False","train","Meningioma__enh_1712","train","Meningioma"
"Meningioma__enh_1631","2","True","test,train","Meningioma__enh_1631","train","Meningioma"
"Meningioma__enh_1631","2","True","test,train","Meningioma__enh_890","test","Meningioma"
"Meningioma__enh_1632","2","False","train","Meningioma__enh_1632","train","Meningioma"
"Meningioma__enh_1632","2","False","train","Meningioma__enh_1713","train","Meningioma"
"Meningioma__enh_1633","2","False","train","Meningioma__enh_1633","train","Meningioma"
"Meningioma__enh_1633","2","False","train","Meningioma__enh_1714","train","Meningioma"
"Meningioma__enh_1634","2","False","train","Meningioma__enh_1634","train","Meningioma"
"Meningioma__enh_1634","2","False","train","Meningioma__enh_1716","train","Meningioma"
"Meningioma__enh_1635","2","False","train","Meningioma__enh_1635","train","Meningioma"
"Meningioma__enh_1635","2","False","train","Meningioma__enh_1791","train","Meningioma"
"Meningioma__enh_1636","2","False","train","Meningioma__enh_1636","train","Meningioma"
"Meningioma__enh_1636","2","False","train","Meningioma__enh_1717","train","Meningioma"
"Meningioma__enh_1637","2","False","train","Meningioma__enh_1637","train","Meningioma"
"Meningioma__enh_1637","2","False","train","Meningioma__enh_1718","train","Meningioma"
"Meningioma__enh_1639","2","False","train","Meningioma__enh_1639","train","Meningioma"
"Meningioma__enh_1639","2","False","train","Meningioma__enh_1721","train","Meningioma"
"Meningioma__enh_1641","2","True","train,val","Meningioma__enh_1641","train","Meningioma"
"Meningioma__enh_1641","2","True","train,val","Meningioma__enh_1722","val","Meningioma"
"Meningioma__enh_1642","2","False","train","Meningioma__enh_1642","train","Meningioma"
"Meningioma__enh_1642","2","False","train","Meningioma__enh_1723","train","Meningioma"
"Meningioma__enh_1643","2","True","test,val","Meningioma__enh_1643","val","Meningioma"
"Meningioma__enh_1643","2","True","test,val","Meningioma__enh_892","test","Meningioma"
"Meningioma__enh_1644","2","False","train","Meningioma__enh_1644","train","Meningioma"
"Meningioma__enh_1644","2","False","train","Meningioma__enh_1724","train","Meningioma"
"Meningioma__enh_1845","2","True","train,val","Meningioma__enh_1845","val","Meningioma"
"Meningioma__enh_1845","2","True","train,val","Meningioma__enh_2096","train","Meningioma"
"Meningioma__enh_1849","2","False","train","Meningioma__enh_1849","train","Meningioma"
"Meningioma__enh_1849","2","False","train","Meningioma__enh_2100","train","Meningioma"
"Meningioma__enh_1865","2","True","train,val","Meningioma__enh_1865","train","Meningioma"
"Meningioma__enh_1865","2","True","train,val","Meningioma__enh_2112","val","Meningioma"
"Meningioma__enh_1866","2","False","train","Meningioma__enh_1866","train","Meningioma"
"Meningioma__enh_1866","2","False","train","Meningioma__enh_2113","train","Meningioma"
"Meningioma__enh_1867","2","True","test,train","Meningioma__enh_1867","train","Meningioma"
"Meningioma__enh_1867","2","True","test,train","Meningioma__enh_946","test","Meningioma"
"Meningioma__enh_1869","2","True","train,val","Meningioma__enh_1869","val","Meningioma"
"Meningioma__enh_1869","2","True","train,val","Meningioma__enh_2115","train","Meningioma"
"Meningioma__enh_1872","2","True","test,train","Meningioma__enh_1872","train","Meningioma"
"Meningioma__enh_1872","2","True","test,train","Meningioma__enh_999","test","Meningioma"
"Meningioma__enh_1873","2","False","val","Meningioma__enh_1873","val","Meningioma"
"Meningioma__enh_1873","2","False","val","Meningioma__enh_2274","val","Meningioma"
"Meningioma__enh_1874","2","False","train","Meningioma__enh_1874","train","Meningioma"
"Meningioma__enh_1874","2","False","train","Meningioma__enh_2275","train","Meningioma"
"Meningioma__enh_1875","2","True","train,val","Meningioma__enh_1875","val","Meningioma"
"Meningioma__enh_1875","2","True","train,val","Meningioma__enh_2276","train","Meningioma"
"Meningioma__enh_1878","2","False","train","Meningioma__enh_1878","train","Meningioma"
"Meningioma__enh_1878","2","False","train","Meningioma__enh_2278","train","Meningioma"
"Meningioma__enh_1889","2","False","train","Meningioma__enh_1889","train","Meningioma"
"Meningioma__enh_1889","2","False","train","Meningioma__enh_2285","train","Meningioma"
"Meningioma__enh_1892","2","False","train","Meningioma__enh_1892","train","Meningioma"
"Meningioma__enh_1892","2","False","train","Meningioma__enh_2288","train","Meningioma"
"Meningioma__enh_1893","2","False","train","Meningioma__enh_1893","train","Meningioma"
"Meningioma__enh_1893","2","False","train","Meningioma__enh_2206","train","Meningioma"
"Meningioma__enh_1894","2","False","train","Meningioma__enh_1894","train","Meningioma"
"Meningioma__enh_1894","2","False","train","Meningioma__enh_2289","train","Meningioma"
"Meningioma__enh_1896","2","False","train","Meningioma__enh_1896","train","Meningioma"
"Meningioma__enh_1896","2","False","train","Meningioma__enh_2290","train","Meningioma"
"Meningioma__enh_1905","2","False","train","Meningioma__enh_1905","train","Meningioma"
"Meningioma__enh_1905","2","False","train","Meningioma__enh_2116","train","Meningioma"
"Meningioma__enh_1912","2","True","test,train","Meningioma__enh_1912","train","Meningioma"
"Meningioma__enh_1912","2","True","test,train","Meningioma__enh_949","test","Meningioma"
"Meningioma__enh_1915","2","False","train","Meningioma__enh_1915","train","Meningioma"
"Meningioma__enh_1915","2","False","train","Meningioma__enh_2124","train","Meningioma"
"Meningioma__enh_1917","2","True","test,train","Meningioma__enh_1917","train","Meningioma"
"Meningioma__enh_1917","2","True","test,train","Meningioma__enh_951","test","Meningioma"
"Meningioma__enh_1919","2","True","train,val","Meningioma__enh_1919","train","Meningioma"
"Meningioma__enh_1919","2","True","train,val","Meningioma__enh_2127","val","Meningioma"
"Meningioma__enh_1921","2","True","train,val","Meningioma__enh_1921","train","Meningioma"
"Meningioma__enh_1921","2","True","train,val","Meningioma__enh_2129","val","Meningioma"
"Meningioma__enh_1924","2","True","test,train","Meningioma__enh_1924","train","Meningioma"
"Meningioma__enh_1924","2","True","test,train","Meningioma__enh_952","test","Meningioma"
"Meningioma__enh_1928","2","False","train","Meningioma__enh_1928","train","Meningioma"
"Meningioma__enh_1928","2","False","train","Meningioma__enh_2135","train","Meningioma"
"Meningioma__enh_1930","2","True","train,val","Meningioma__enh_1930","val","Meningioma"
"Meningioma__enh_1930","2","True","train,val","Meningioma__enh_2136","train","Meningioma"
"Meningioma__enh_1934","2","False","train","Meningioma__enh_1934","train","Meningioma"
"Meningioma__enh_1934","2","False","train","Meningioma__enh_2140","train","Meningioma"
"Meningioma__enh_1935","2","True","test,train","Meningioma__enh_1935","train","Meningioma"
"Meningioma__enh_1935","2","True","test,train","Meningioma__enh_954","test","Meningioma"
"Meningioma__enh_1938","2","True","train,val","Meningioma__enh_1938","val","Meningioma"
"Meningioma__enh_1938","2","True","train,val","Meningioma__enh_2210","train","Meningioma"
"Meningioma__enh_1943","2","True","train,val","Meningioma__enh_1943","train","Meningioma"
"Meningioma__enh_1943","2","True","train,val","Meningioma__enh_2146","val","Meningioma"
"Meningioma__enh_1953","2","False","train","Meningioma__enh_1953","train","Meningioma"
"Meningioma__enh_1953","2","False","train","Meningioma__enh_2153","train","Meningioma"
"Meningioma__enh_1954","2","True","test,train","Meningioma__enh_1954","train","Meningioma"
"Meningioma__enh_1954","2","True","test,train","Meningioma__enh_959","test","Meningioma"
"Meningioma__enh_1955","2","False","train","Meningioma__enh_1955","train","Meningioma"
"Meningioma__enh_1955","2","False","train","Meningioma__enh_2154","train","Meningioma"
"Meningioma__enh_1956","2","True","train,val","Meningioma__enh_1956","val","Meningioma"
"Meningioma__enh_1956","2","True","train,val","Meningioma__enh_2155","train","Meningioma"
"Meningioma__enh_1957","2","True","train,val","Meningioma__enh_1957","train","Meningioma"
"Meningioma__enh_1957","2","True","train,val","Meningioma__enh_2156","val","Meningioma"
"Meningioma__enh_1958","2","True","test,train","Meningioma__enh_1958","train","Meningioma"
"Meningioma__enh_1958","2","True","test,train","Meningioma__enh_960","test","Meningioma"
"Meningioma__enh_1964","2","True","test,train","Meningioma__enh_1964","train","Meningioma"
"Meningioma__enh_1964","2","True","test,train","Meningioma__enh_961","test","Meningioma"
"Meningioma__enh_1969","2","False","train","Meningioma__enh_1969","train","Meningioma"
"Meningioma__enh_1969","2","False","train","Meningioma__enh_2164","train","Meningioma"
"Meningioma__enh_1970","2","True","test,train","Meningioma__enh_1970","train","Meningioma"
"Meningioma__enh_1970","2","True","test,train","Meningioma__enh_963","test","Meningioma"
"Meningioma__enh_1971","2","False","val","Meningioma__enh_1971","val","Meningioma"
"Meningioma__enh_1971","2","False","val","Meningioma__enh_2165","val","Meningioma"
"Meningioma__enh_1973","2","True","train,val","Meningioma__enh_1973","train","Meningioma"
"Meningioma__enh_1973","2","True","train,val","Meningioma__enh_2166","val","Meningioma"
"Meningioma__enh_1974","2","False","train","Meningioma__enh_1974","train","Meningioma"
"Meningioma__enh_1974","2","False","train","Meningioma__enh_2167","train","Meningioma"
"Meningioma__enh_1983","2","False","train","Meningioma__enh_1983","train","Meningioma"
"Meningioma__enh_1983","2","False","train","Meningioma__enh_2213","train","Meningioma"
"Meningioma__enh_1986","2","True","train,val","Meningioma__enh_1986","val","Meningioma"
"Meningioma__enh_1986","2","True","train,val","Meningioma__enh_2176","train","Meningioma"
"Meningioma__enh_1988","2","True","train,val","Meningioma__enh_1988","val","Meningioma"
"Meningioma__enh_1988","2","True","train,val","Meningioma__enh_2178","train","Meningioma"
"Meningioma__enh_1994","2","True","test,train","Meningioma__enh_1994","train","Meningioma"
"Meningioma__enh_1994","2","True","test,train","Meningioma__enh_979","test","Meningioma"
"Meningioma__enh_2004","2","False","train","Meningioma__enh_2004","train","Meningioma"
"Meningioma__enh_2004","2","False","train","Meningioma__enh_2214","train","Meningioma"
"Meningioma__enh_2009","2","False","train","Meningioma__enh_2009","train","Meningioma"
"Meningioma__enh_2009","2","False","train","Meningioma__enh_2193","train","Meningioma"
"Meningioma__enh_2016","2","True","train,val","Meningioma__enh_2016","train","Meningioma"
"Meningioma__enh_2016","2","True","train,val","Meningioma__enh_2217","val","Meningioma"
"Meningioma__enh_2020","2","True","test,train","Meningioma__enh_2020","train","Meningioma"
"Meningioma__enh_2020","2","True","test,train","Meningioma__enh_981","test","Meningioma"
"Meningioma__enh_2022","2","False","train","Meningioma__enh_2022","train","Meningioma"
"Meningioma__enh_2022","2","False","train","Meningioma__enh_2221","train","Meningioma"
"Meningioma__enh_2023","2","True","test,train","Meningioma__enh_2023","train","Meningioma"
"Meningioma__enh_2023","2","True","test,train","Meningioma__enh_982","test","Meningioma"
"Meningioma__enh_2027","2","False","train","Meningioma__enh_2027","train","Meningioma"
"Meningioma__enh_2027","2","False","train","Meningioma__enh_2225","train","Meningioma"
"Meningioma__enh_2029","2","True","train,val","Meningioma__enh_2029","train","Meningioma"
"Meningioma__enh_2029","2","True","train,val","Meningioma__enh_2199","val","Meningioma"
"Meningioma__enh_2032","2","False","val","Meningioma__enh_2032","val","Meningioma"
"Meningioma__enh_2032","2","False","val","Meningioma__enh_2229","val","Meningioma"
"Meningioma__enh_2034","2","True","test,train","Meningioma__enh_2034","train","Meningioma"
"Meningioma__enh_2034","2","True","test,train","Meningioma__enh_984","test","Meningioma"
"Meningioma__enh_2039","2","False","train","Meningioma__enh_2039","train","Meningioma"
"Meningioma__enh_2039","2","False","train","Meningioma__enh_2234","train","Meningioma"
"Meningioma__enh_2040","2","True","train,val","Meningioma__enh_2040","train","Meningioma"
"Meningioma__enh_2040","2","True","train,val","Meningioma__enh_2200","val","Meningioma"
"Meningioma__enh_2044","2","False","train","Meningioma__enh_2044","train","Meningioma"
"Meningioma__enh_2044","2","False","train","Meningioma__enh_2237","train","Meningioma"
"Meningioma__enh_2045","2","True","train,val","Meningioma__enh_2045","train","Meningioma"
"Meningioma__enh_2045","2","True","train,val","Meningioma__enh_2238","val","Meningioma"
"Meningioma__enh_2051","2","True","test,val","Meningioma__enh_2051","val","Meningioma"
"Meningioma__enh_2051","2","True","test,val","Meningioma__enh_974","test","Meningioma"
"Meningioma__enh_2059","2","False","train","Meningioma__enh_2059","train","Meningioma"
"Meningioma__enh_2059","2","False","train","Meningioma__enh_2248","train","Meningioma"
"Meningioma__enh_2069","2","True","test,val","Meningioma__enh_2069","val","Meningioma"
"Meningioma__enh_2069","2","True","test,val","Meningioma__enh_993","test","Meningioma"
"Meningioma__enh_2071","2","False","train","Meningioma__enh_2071","train","Meningioma"
"Meningioma__enh_2071","2","False","train","Meningioma__enh_2256","train","Meningioma"
"Meningioma__enh_2074","2","False","train","Meningioma__enh_2074","train","Meningioma"
"Meningioma__enh_2074","2","False","train","Meningioma__enh_2258","train","Meningioma"
"Meningioma__enh_2080","2","False","train","Meningioma__enh_2080","train","Meningioma"
"Meningioma__enh_2080","2","False","train","Meningioma__enh_2263","train","Meningioma"
"Meningioma__enh_2086","2","False","train","Meningioma__enh_2086","train","Meningioma"
"Meningioma__enh_2086","2","False","train","Meningioma__enh_2266","train","Meningioma"
"Meningioma__enh_2090","2","True","train,val","Meningioma__enh_2090","val","Meningioma"
"Meningioma__enh_2090","2","True","train,val","Meningioma__enh_2271","train","Meningioma"
"Meningioma__enh_722","3","False","test","Meningioma__enh_722","test","Meningioma"
"Meningioma__enh_722","3","False","test","Meningioma__enh_736","test","Meningioma"
"Meningioma__enh_722","3","False","test","Meningioma__enh_753","test","Meningioma"
"Meningioma__enh_872","2","False","test","Meningioma__enh_872","test","Meningioma"
"Meningioma__enh_872","2","False","test","Pituitary tumor__enh_1043","test","Pituitary tumor"
"Pituitary tumor__enh_1000","2","True","test,train","Pituitary tumor__enh_1000","test","Pituitary tumor"
"Pituitary tumor__enh_1000","2","True","test,train","Pituitary tumor__enh_1283","train","Pituitary tumor"
"Pituitary tumor__enh_1004","2","True","test,val","Pituitary tumor__enh_1004","test","Pituitary tumor"
"Pituitary tumor__enh_1004","2","True","test,val","Pituitary tumor__enh_1292","val","Pituitary tumor"
"Pituitary tumor__enh_1006","2","False","test","Pituitary tumor__enh_1006","test","Pituitary tumor"
"Pituitary tumor__enh_1006","2","False","test","Pituitary tumor__enh_932","test","Pituitary tumor"
"Pituitary tumor__enh_1015","2","False","test","Pituitary tumor__enh_1015","test","Pituitary tumor"
"Pituitary tumor__enh_1015","2","False","test","Pituitary tumor__enh_937","test","Pituitary tumor"
"Pituitary tumor__enh_1016","2","False","test","Pituitary tumor__enh_1016","test","Pituitary tumor"
"Pituitary tumor__enh_1016","2","False","test","Pituitary tumor__enh_938","test","Pituitary tumor"
"Pituitary tumor__enh_1026","2","False","test","Pituitary tumor__enh_1026","test","Pituitary tumor"
"Pituitary tumor__enh_1026","2","False","test","Pituitary tumor__enh_945","test","Pituitary tumor"
"Pituitary tumor__enh_1028","2","False","test","Pituitary tumor__enh_1028","test","Pituitary tumor"
"Pituitary tumor__enh_1028","2","False","test","Pituitary tumor__enh_946","test","Pituitary tumor"
"Pituitary tumor__enh_1035","2","False","test","Pituitary tumor__enh_1035","test","Pituitary tumor"
"Pituitary tumor__enh_1035","2","False","test","Pituitary tumor__enh_952","test","Pituitary tumor"
"Pituitary tumor__enh_1036","2","False","test","Pituitary tumor__enh_1036","test","Pituitary tumor"
"Pituitary tumor__enh_1036","2","False","test","Pituitary tumor__enh_953","test","Pituitary tumor"
"Pituitary tumor__enh_1039","2","True","test,train","Pituitary tumor__enh_1039","test","Pituitary tumor"
"Pituitary tumor__enh_1039","2","True","test,train","Pituitary tumor__enh_1372","train","Pituitary tumor"
"Pituitary tumor__enh_1040","2","True","test,train","Pituitary tumor__enh_1040","test","Pituitary tumor"
"Pituitary tumor__enh_1040","2","True","test,train","Pituitary tumor__enh_1374","train","Pituitary tumor"
"Pituitary tumor__enh_1041","2","True","test,train","Pituitary tumor__enh_1041","test","Pituitary tumor"
"Pituitary tumor__enh_1041","2","True","test,train","Pituitary tumor__enh_1377","train","Pituitary tumor"
"Pituitary tumor__enh_1049","2","False","test","Pituitary tumor__enh_1049","test","Pituitary tumor"
"Pituitary tumor__enh_1049","2","False","test","Pituitary tumor__enh_1081","test","Pituitary tumor"
"Pituitary tumor__enh_1060","2","True","test,train","Pituitary tumor__enh_1060","test","Pituitary tumor"
"Pituitary tumor__enh_1060","2","True","test,train","Pituitary tumor__enh_1827","train","Pituitary tumor"
"Pituitary tumor__enh_1061","2","True","test,train","Pituitary tumor__enh_1061","test","Pituitary tumor"
"Pituitary tumor__enh_1061","2","True","test,train","Pituitary tumor__enh_1831","train","Pituitary tumor"
"Pituitary tumor__enh_1067","2","True","test,train","Pituitary tumor__enh_1067","test","Pituitary tumor"
"Pituitary tumor__enh_1067","2","True","test,train","Pituitary tumor__enh_1844","train","Pituitary tumor"
"Pituitary tumor__enh_1068","2","True","test,train","Pituitary tumor__enh_1068","test","Pituitary tumor"
"Pituitary tumor__enh_1068","2","True","test,train","Pituitary tumor__enh_1848","train","Pituitary tumor"
"Pituitary tumor__enh_1071","2","True","test,train","Pituitary tumor__enh_1071","test","Pituitary tumor"
"Pituitary tumor__enh_1071","2","True","test,train","Pituitary tumor__enh_1696","train","Pituitary tumor"
"Pituitary tumor__enh_1072","2","True","test,train","Pituitary tumor__enh_1072","test","Pituitary tumor"
"Pituitary tumor__enh_1072","2","True","test,train","Pituitary tumor__enh_1735","train","Pituitary tumor"
"Pituitary tumor__enh_1075","2","True","test,train","Pituitary tumor__enh_1075","test","Pituitary tumor"
"Pituitary tumor__enh_1075","2","True","test,train","Pituitary tumor__enh_1858","train","Pituitary tumor"
"Pituitary tumor__enh_1076","2","True","test,train","Pituitary tumor__enh_1076","test","Pituitary tumor"
"Pituitary tumor__enh_1076","2","True","test,train","Pituitary tumor__enh_1750","train","Pituitary tumor"
"Pituitary tumor__enh_1085","2","True","test,train","Pituitary tumor__enh_1085","test","Pituitary tumor"
"Pituitary tumor__enh_1085","2","True","test,train","Pituitary tumor__enh_1881","train","Pituitary tumor"
"Pituitary tumor__enh_1086","2","True","test,val","Pituitary tumor__enh_1086","test","Pituitary tumor"
"Pituitary tumor__enh_1086","2","True","test,val","Pituitary tumor__enh_1759","val","Pituitary tumor"
"Pituitary tumor__enh_1090","2","True","test,train","Pituitary tumor__enh_1090","test","Pituitary tumor"
"Pituitary tumor__enh_1090","2","True","test,train","Pituitary tumor__enh_1895","train","Pituitary tumor"
"Pituitary tumor__enh_1092","2","True","test,train","Pituitary tumor__enh_1092","test","Pituitary tumor"
"Pituitary tumor__enh_1092","2","True","test,train","Pituitary tumor__enh_1677","train","Pituitary tumor"
"Pituitary tumor__enh_1096","2","True","test,train","Pituitary tumor__enh_1096","test","Pituitary tumor"
"Pituitary tumor__enh_1096","2","True","test,train","Pituitary tumor__enh_1689","train","Pituitary tumor"
"Pituitary tumor__enh_1102","2","True","test,val","Pituitary tumor__enh_1102","test","Pituitary tumor"
"Pituitary tumor__enh_1102","2","True","test,val","Pituitary tumor__enh_1706","val","Pituitary tumor"
"Pituitary tumor__enh_1104","2","True","test,train","Pituitary tumor__enh_1104","test","Pituitary tumor"
"Pituitary tumor__enh_1104","2","True","test,train","Pituitary tumor__enh_1711","train","Pituitary tumor"
"Pituitary tumor__enh_1106","2","True","test,train","Pituitary tumor__enh_1106","test","Pituitary tumor"
"Pituitary tumor__enh_1106","2","True","test,train","Pituitary tumor__enh_1718","train","Pituitary tumor"
"Pituitary tumor__enh_1117","2","True","test,train","Pituitary tumor__enh_1117","test","Pituitary tumor"
"Pituitary tumor__enh_1117","2","True","test,train","Pituitary tumor__enh_1642","train","Pituitary tumor"
"Pituitary tumor__enh_1119","2","True","test,train","Pituitary tumor__enh_1119","test","Pituitary tumor"
"Pituitary tumor__enh_1119","2","True","test,train","Pituitary tumor__enh_1650","train","Pituitary tumor"
"Pituitary tumor__enh_1121","2","True","test,train","Pituitary tumor__enh_1121","test","Pituitary tumor"
"Pituitary tumor__enh_1121","2","True","test,train","Pituitary tumor__enh_1653","train","Pituitary tumor"
"Pituitary tumor__enh_1123","2","True","test,train","Pituitary tumor__enh_1123","test","Pituitary tumor"
"Pituitary tumor__enh_1123","2","True","test,train","Pituitary tumor__enh_1667","train","Pituitary tumor"
"Pituitary tumor__enh_1131","2","True","test,val","Pituitary tumor__enh_1131","test","Pituitary tumor"
"Pituitary tumor__enh_1131","2","True","test,val","Pituitary tumor__enh_2476","val","Pituitary tumor"
"Pituitary tumor__enh_1132","2","True","test,train","Pituitary tumor__enh_1132","test","Pituitary tumor"
"Pituitary tumor__enh_1132","2","True","test,train","Pituitary tumor__enh_2478","train","Pituitary tumor"
"Pituitary tumor__enh_1134","2","False","test","Pituitary tumor__enh_1134","test","Pituitary tumor"
"Pituitary tumor__enh_1134","2","False","test","Pituitary tumor__enh_1163","test","Pituitary tumor"
"Pituitary tumor__enh_1135","2","False","test","Pituitary tumor__enh_1135","test","Pituitary tumor"
"Pituitary tumor__enh_1135","2","False","test","Pituitary tumor__enh_1164","test","Pituitary tumor"
"Pituitary tumor__enh_1137","2","True","test,train","Pituitary tumor__enh_1137","test","Pituitary tumor"
"Pituitary tumor__enh_1137","2","True","test,train","Pituitary tumor__enh_2403","train","Pituitary tumor"
"Pituitary tumor__enh_1138","2","True","test,train","Pituitary tumor__enh_1138","test","Pituitary tumor"
"Pituitary tumor__enh_1138","2","True","test,train","Pituitary tumor__enh_2321","train","Pituitary tumor"
"Pituitary tumor__enh_1140","2","True","test,train","Pituitary tumor__enh_1140","test","Pituitary tumor"
"Pituitary tumor__enh_1140","2","True","test,train","Pituitary tumor__enh_2326","train","Pituitary tumor"
"Pituitary tumor__enh_1149","2","True","test,val","Pituitary tumor__enh_1149","test","Pituitary tumor"
"Pituitary tumor__enh_1149","2","True","test,val","Pituitary tumor__enh_2355","val","Pituitary tumor"
"Pituitary tumor__enh_1154","2","True","test,train","Pituitary tumor__enh_1154","test","Pituitary tumor"
"Pituitary tumor__enh_1154","2","True","test,train","Pituitary tumor__enh_2366","train","Pituitary tumor"
"Pituitary tumor__enh_1161","2","True","test,train","Pituitary tumor__enh_1161","test","Pituitary tumor"
"Pituitary tumor__enh_1161","2","True","test,train","Pituitary tumor__enh_2388","train","Pituitary tumor"
"Pituitary tumor__enh_1166","2","True","test,train","Pituitary tumor__enh_1166","test","Pituitary tumor"
"Pituitary tumor__enh_1166","2","True","test,train","Pituitary tumor__enh_2247","train","Pituitary tumor"
"Pituitary tumor__enh_1168","2","True","test,train","Pituitary tumor__enh_1168","test","Pituitary tumor"
"Pituitary tumor__enh_1168","2","True","test,train","Pituitary tumor__enh_2255","train","Pituitary tumor"
"Pituitary tumor__enh_1173","2","True","test,train","Pituitary tumor__enh_1173","test","Pituitary tumor"
"Pituitary tumor__enh_1173","2","True","test,train","Pituitary tumor__enh_2275","train","Pituitary tumor"
"Pituitary tumor__enh_1178","2","True","test,train","Pituitary tumor__enh_1178","test","Pituitary tumor"
"Pituitary tumor__enh_1178","2","True","test,train","Pituitary tumor__enh_2293","train","Pituitary tumor"
"Pituitary tumor__enh_1180","2","True","test,train","Pituitary tumor__enh_1180","test","Pituitary tumor"
"Pituitary tumor__enh_1180","2","True","test,train","Pituitary tumor__enh_2300","train","Pituitary tumor"
"Pituitary tumor__enh_1181","2","True","test,train","Pituitary tumor__enh_1181","test","Pituitary tumor"
"Pituitary tumor__enh_1181","2","True","test,train","Pituitary tumor__enh_2304","train","Pituitary tumor"
"Pituitary tumor__enh_1182","2","True","test,train","Pituitary tumor__enh_1182","test","Pituitary tumor"
"Pituitary tumor__enh_1182","2","True","test,train","Pituitary tumor__enh_2307","train","Pituitary tumor"
"Pituitary tumor__enh_1188","2","True","test,train","Pituitary tumor__enh_1188","test","Pituitary tumor"
"Pituitary tumor__enh_1188","2","True","test,train","Pituitary tumor__enh_2157","train","Pituitary tumor"
"Pituitary tumor__enh_1190","2","True","test,train","Pituitary tumor__enh_1190","test","Pituitary tumor"
"Pituitary tumor__enh_1190","2","True","test,train","Pituitary tumor__enh_2164","train","Pituitary tumor"
"Pituitary tumor__enh_1192","2","True","test,train","Pituitary tumor__enh_1192","test","Pituitary tumor"
"Pituitary tumor__enh_1192","2","True","test,train","Pituitary tumor__enh_2172","train","Pituitary tumor"
"Pituitary tumor__enh_1196","2","True","test,train","Pituitary tumor__enh_1196","test","Pituitary tumor"
"Pituitary tumor__enh_1196","2","True","test,train","Pituitary tumor__enh_2187","train","Pituitary tumor"
"Pituitary tumor__enh_1198","2","True","test,train","Pituitary tumor__enh_1198","test","Pituitary tumor"
"Pituitary tumor__enh_1198","2","True","test,train","Pituitary tumor__enh_2195","train","Pituitary tumor"
"Pituitary tumor__enh_1204","2","True","test,val","Pituitary tumor__enh_1204","test","Pituitary tumor"
"Pituitary tumor__enh_1204","2","True","test,val","Pituitary tumor__enh_2211","val","Pituitary tumor"
"Pituitary tumor__enh_1208","2","True","test,train","Pituitary tumor__enh_1208","test","Pituitary tumor"
"Pituitary tumor__enh_1208","2","True","test,train","Pituitary tumor__enh_2224","train","Pituitary tumor"
"Pituitary tumor__enh_1212","2","True","test,train","Pituitary tumor__enh_1212","test","Pituitary tumor"
"Pituitary tumor__enh_1212","2","True","test,train","Pituitary tumor__enh_2239","train","Pituitary tumor"
"Pituitary tumor__enh_1214","2","True","test,val","Pituitary tumor__enh_1214","test","Pituitary tumor"
"Pituitary tumor__enh_1214","2","True","test,val","Pituitary tumor__enh_2137","val","Pituitary tumor"
"Pituitary tumor__enh_1215","2","True","test,train","Pituitary tumor__enh_1215","test","Pituitary tumor"
"Pituitary tumor__enh_1215","2","True","test,train","Pituitary tumor__enh_2141","train","Pituitary tumor"
"Pituitary tumor__enh_1225","2","True","train,val","Pituitary tumor__enh_1225","train","Pituitary tumor"
"Pituitary tumor__enh_1225","2","True","train,val","Pituitary tumor__enh_1492","val","Pituitary tumor"
"Pituitary tumor__enh_1226","2","True","train,val","Pituitary tumor__enh_1226","train","Pituitary tumor"
"Pituitary tumor__enh_1226","2","True","train,val","Pituitary tumor__enh_1493","val","Pituitary tumor"
"Pituitary tumor__enh_1231","2","False","train","Pituitary tumor__enh_1231","train","Pituitary tumor"
"Pituitary tumor__enh_1231","2","False","train","Pituitary tumor__enh_1429","train","Pituitary tumor"
"Pituitary tumor__enh_1232","2","False","train","Pituitary tumor__enh_1232","train","Pituitary tumor"
"Pituitary tumor__enh_1232","2","False","train","Pituitary tumor__enh_1430","train","Pituitary tumor"
"Pituitary tumor__enh_1233","2","False","train","Pituitary tumor__enh_1233","train","Pituitary tumor"
"Pituitary tumor__enh_1233","2","False","train","Pituitary tumor__enh_1431","train","Pituitary tumor"
"Pituitary tumor__enh_1237","2","True","test,val","Pituitary tumor__enh_1237","val","Pituitary tumor"
"Pituitary tumor__enh_1237","2","True","test,val","Pituitary tumor__enh_980","test","Pituitary tumor"
"Pituitary tumor__enh_1238","2","True","train,val","Pituitary tumor__enh_1238","val","Pituitary tumor"
"Pituitary tumor__enh_1238","2","True","train,val","Pituitary tumor__enh_1501","train","Pituitary tumor"
"Pituitary tumor__enh_1243","2","False","train","Pituitary tumor__enh_1243","train","Pituitary tumor"
"Pituitary tumor__enh_1243","2","False","train","Pituitary tumor__enh_1553","train","Pituitary tumor"
"Pituitary tumor__enh_1247","2","False","train","Pituitary tumor__enh_1247","train","Pituitary tumor"
"Pituitary tumor__enh_1247","2","False","train","Pituitary tumor__enh_1426","train","Pituitary tumor"
"Pituitary tumor__enh_1248","2","True","train,val","Pituitary tumor__enh_1248","val","Pituitary tumor"
"Pituitary tumor__enh_1248","2","True","train,val","Pituitary tumor__enh_1494","train","Pituitary tumor"
"Pituitary tumor__enh_1249","2","True","test,train","Pituitary tumor__enh_1249","train","Pituitary tumor"
"Pituitary tumor__enh_1249","2","True","test,train","Pituitary tumor__enh_994","test","Pituitary tumor"
"Pituitary tumor__enh_1250","2","False","train","Pituitary tumor__enh_1250","train","Pituitary tumor"
"Pituitary tumor__enh_1250","2","False","train","Pituitary tumor__enh_1495","train","Pituitary tumor"
"Pituitary tumor__enh_1262","2","True","train,val","Pituitary tumor__enh_1262","train","Pituitary tumor"
"Pituitary tumor__enh_1262","2","True","train,val","Pituitary tumor__enh_1422","val","Pituitary tumor"
"Pituitary tumor__enh_1282","2","False","train","Pituitary tumor__enh_1282","train","Pituitary tumor"
"Pituitary tumor__enh_1282","2","False","train","Pituitary tumor__enh_1512","train","Pituitary tumor"
"Pituitary tumor__enh_1293","2","False","train","Pituitary tumor__enh_1293","train","Pituitary tumor"
"Pituitary tumor__enh_1293","2","False","train","Pituitary tumor__enh_1524","train","Pituitary tumor"
"Pituitary tumor__enh_1294","2","False","train","Pituitary tumor__enh_1294","train","Pituitary tumor"
"Pituitary tumor__enh_1294","2","False","train","Pituitary tumor__enh_1525","train","Pituitary tumor"
"Pituitary tumor__enh_1296","2","True","train,val","Pituitary tumor__enh_1296","val","Pituitary tumor"
"Pituitary tumor__enh_1296","2","True","train,val","Pituitary tumor__enh_1528","train","Pituitary tumor"
"Pituitary tumor__enh_1301","2","True","train,val","Pituitary tumor__enh_1301","val","Pituitary tumor"
"Pituitary tumor__enh_1301","2","True","train,val","Pituitary tumor__enh_1534","train","Pituitary tumor"
"Pituitary tumor__enh_1302","2","False","train","Pituitary tumor__enh_1302","train","Pituitary tumor"
"Pituitary tumor__enh_1302","2","False","train","Pituitary tumor__enh_1535","train","Pituitary tumor"
"Pituitary tumor__enh_1311","2","True","train,val","Pituitary tumor__enh_1311","val","Pituitary tumor"
"Pituitary tumor__enh_1311","2","True","train,val","Pituitary tumor__enh_1549","train","Pituitary tumor"
"Pituitary tumor__enh_1316","2","False","train","Pituitary tumor__enh_1316","train","Pituitary tumor"
"Pituitary tumor__enh_1316","2","False","train","Pituitary tumor__enh_1557","train","Pituitary tumor"
"Pituitary tumor__enh_1318","2","False","train","Pituitary tumor__enh_1318","train","Pituitary tumor"
"Pituitary tumor__enh_1318","2","False","train","Pituitary tumor__enh_1559","train","Pituitary tumor"
"Pituitary tumor__enh_1319","2","True","train,val","Pituitary tumor__enh_1319","val","Pituitary tumor"
"Pituitary tumor__enh_1319","2","True","train,val","Pituitary tumor__enh_1560","train","Pituitary tumor"
"Pituitary tumor__enh_1320","2","False","train","Pituitary tumor__enh_1320","train","Pituitary tumor"
"Pituitary tumor__enh_1320","2","False","train","Pituitary tumor__enh_1562","train","Pituitary tumor"
"Pituitary tumor__enh_1323","2","False","train","Pituitary tumor__enh_1323","train","Pituitary tumor"
"Pituitary tumor__enh_1323","2","False","train","Pituitary tumor__enh_1566","train","Pituitary tumor"
"Pituitary tumor__enh_1337","2","False","train","Pituitary tumor__enh_1337","train","Pituitary tumor"
"Pituitary tumor__enh_1337","2","False","train","Pituitary tumor__enh_1585","train","Pituitary tumor"
"Pituitary tumor__enh_1338","2","False","train","Pituitary tumor__enh_1338","train","Pituitary tumor"
"Pituitary tumor__enh_1338","2","False","train","Pituitary tumor__enh_1586","train","Pituitary tumor"
"Pituitary tumor__enh_1339","2","False","train","Pituitary tumor__enh_1339","train","Pituitary tumor"
"Pituitary tumor__enh_1339","2","False","train","Pituitary tumor__enh_1587","train","Pituitary tumor"
"Pituitary tumor__enh_1343","2","False","train","Pituitary tumor__enh_1343","train","Pituitary tumor"
"Pituitary tumor__enh_1343","2","False","train","Pituitary tumor__enh_1594","train","Pituitary tumor"
"Pituitary tumor__enh_1353","2","True","train,val","Pituitary tumor__enh_1353","val","Pituitary tumor"
"Pituitary tumor__enh_1353","2","True","train,val","Pituitary tumor__enh_1606","train","Pituitary tumor"
"Pituitary tumor__enh_1360","2","False","train","Pituitary tumor__enh_1360","train","Pituitary tumor"
"Pituitary tumor__enh_1360","2","False","train","Pituitary tumor__enh_1613","train","Pituitary tumor"
"Pituitary tumor__enh_1361","2","True","train,val","Pituitary tumor__enh_1361","val","Pituitary tumor"
"Pituitary tumor__enh_1361","2","True","train,val","Pituitary tumor__enh_1614","train","Pituitary tumor"
"Pituitary tumor__enh_1366","2","False","train","Pituitary tumor__enh_1366","train","Pituitary tumor"
"Pituitary tumor__enh_1366","2","False","train","Pituitary tumor__enh_1620","train","Pituitary tumor"
"Pituitary tumor__enh_1368","2","False","train","Pituitary tumor__enh_1368","train","Pituitary tumor"
"Pituitary tumor__enh_1368","2","False","train","Pituitary tumor__enh_1622","train","Pituitary tumor"
"Pituitary tumor__enh_1369","2","False","val","Pituitary tumor__enh_1369","val","Pituitary tumor"
"Pituitary tumor__enh_1369","2","False","val","Pituitary tumor__enh_1623","val","Pituitary tumor"
"Pituitary tumor__enh_1371","2","False","train","Pituitary tumor__enh_1371","train","Pituitary tumor"
"Pituitary tumor__enh_1371","2","False","train","Pituitary tumor__enh_1626","train","Pituitary tumor"
"Pituitary tumor__enh_1375","2","True","train,val","Pituitary tumor__enh_1375","val","Pituitary tumor"
"Pituitary tumor__enh_1375","2","True","train,val","Pituitary tumor__enh_1630","train","Pituitary tumor"
"Pituitary tumor__enh_1383","2","True","test,train","Pituitary tumor__enh_1383","train","Pituitary tumor"
"Pituitary tumor__enh_1383","2","True","test,train","Pituitary tumor__enh_974","test","Pituitary tumor"
"Pituitary tumor__enh_1384","2","True","train,val","Pituitary tumor__enh_1384","train","Pituitary tumor"
"Pituitary tumor__enh_1384","2","True","train,val","Pituitary tumor__enh_1436","val","Pituitary tumor"
"Pituitary tumor__enh_1385","2","False","train","Pituitary tumor__enh_1385","train","Pituitary tumor"
"Pituitary tumor__enh_1385","2","False","train","Pituitary tumor__enh_1439","train","Pituitary tumor"
"Pituitary tumor__enh_1386","2","False","train","Pituitary tumor__enh_1386","train","Pituitary tumor"
"Pituitary tumor__enh_1386","2","False","train","Pituitary tumor__enh_1440","train","Pituitary tumor"
"Pituitary tumor__enh_1387","2","False","train","Pituitary tumor__enh_1387","train","Pituitary tumor"
"Pituitary tumor__enh_1387","2","False","train","Pituitary tumor__enh_1441","train","Pituitary tumor"
"Pituitary tumor__enh_1389","2","False","train","Pituitary tumor__enh_1389","train","Pituitary tumor"
"Pituitary tumor__enh_1389","2","False","train","Pituitary tumor__enh_1443","train","Pituitary tumor"
"Pituitary tumor__enh_1391","2","True","test,train","Pituitary tumor__enh_1391","train","Pituitary tumor"
"Pituitary tumor__enh_1391","2","True","test,train","Pituitary tumor__enh_977","test","Pituitary tumor"
"Pituitary tumor__enh_1394","2","False","train","Pituitary tumor__enh_1394","train","Pituitary tumor"
"Pituitary tumor__enh_1394","2","False","train","Pituitary tumor__enh_1449","train","Pituitary tumor"
"Pituitary tumor__enh_1395","2","True","train,val","Pituitary tumor__enh_1395","val","Pituitary tumor"
"Pituitary tumor__enh_1395","2","True","train,val","Pituitary tumor__enh_1450","train","Pituitary tumor"
"Pituitary tumor__enh_1411","2","False","train","Pituitary tumor__enh_1411","train","Pituitary tumor"
"Pituitary tumor__enh_1411","2","False","train","Pituitary tumor__enh_1467","train","Pituitary tumor"
"Pituitary tumor__enh_1413","2","False","train","Pituitary tumor__enh_1413","train","Pituitary tumor"
"Pituitary tumor__enh_1413","2","False","train","Pituitary tumor__enh_1469","train","Pituitary tumor"
"Pituitary tumor__enh_1415","2","True","test,val","Pituitary tumor__enh_1415","val","Pituitary tumor"
"Pituitary tumor__enh_1415","2","True","test,val","Pituitary tumor__enh_986","test","Pituitary tumor"
"Pituitary tumor__enh_1468","2","True","test,train","Pituitary tumor__enh_1468","train","Pituitary tumor"
"Pituitary tumor__enh_1468","2","True","test,train","Pituitary tumor__enh_968","test","Pituitary tumor"
"Pituitary tumor__enh_1498","2","True","test,train","Pituitary tumor__enh_1498","train","Pituitary tumor"
"Pituitary tumor__enh_1498","2","True","test,train","Pituitary tumor__enh_923","test","Pituitary tumor"
"Pituitary tumor__enh_1523","2","True","test,train","Pituitary tumor__enh_1523","train","Pituitary tumor"
"Pituitary tumor__enh_1523","2","True","test,train","Pituitary tumor__enh_930","test","Pituitary tumor"
"Pituitary tumor__enh_1543","2","True","test,train","Pituitary tumor__enh_1543","train","Pituitary tumor"
"Pituitary tumor__enh_1543","2","True","test,train","Pituitary tumor__enh_935","test","Pituitary tumor"
"Pituitary tumor__enh_1621","2","True","test,train","Pituitary tumor__enh_1621","train","Pituitary tumor"
"Pituitary tumor__enh_1621","2","True","test,train","Pituitary tumor__enh_954","test","Pituitary tumor"
"Pituitary tumor__enh_1629","2","True","test,train","Pituitary tumor__enh_1629","train","Pituitary tumor"
"Pituitary tumor__enh_1629","2","True","test,train","Pituitary tumor__enh_956","test","Pituitary tumor"
"Pituitary tumor__enh_1643","2","False","train","Pituitary tumor__enh_1643","train","Pituitary tumor"
"Pituitary tumor__enh_1643","2","False","train","Pituitary tumor__enh_2097","train","Pituitary tumor"
"Pituitary tumor__enh_1647","2","False","train","Pituitary tumor__enh_1647","train","Pituitary tumor"
"Pituitary tumor__enh_1647","2","False","train","Pituitary tumor__enh_2100","train","Pituitary tumor"
"Pituitary tumor__enh_1648","2","False","train","Pituitary tumor__enh_1648","train","Pituitary tumor"
"Pituitary tumor__enh_1648","2","False","train","Pituitary tumor__enh_2101","train","Pituitary tumor"
"Pituitary tumor__enh_1649","2","False","train","Pituitary tumor__enh_1649","train","Pituitary tumor"
"Pituitary tumor__enh_1649","2","False","train","Pituitary tumor__enh_2102","train","Pituitary tumor"
"Pituitary tumor__enh_1651","2","True","train,val","Pituitary tumor__enh_1651","train","Pituitary tumor"
"Pituitary tumor__enh_1651","2","True","train,val","Pituitary tumor__enh_2103","val","Pituitary tumor"
"Pituitary tumor__enh_1662","2","False","train","Pituitary tumor__enh_1662","train","Pituitary tumor"
"Pituitary tumor__enh_1662","2","False","train","Pituitary tumor__enh_2107","train","Pituitary tumor"
"Pituitary tumor__enh_1663","2","False","train","Pituitary tumor__enh_1663","train","Pituitary tumor"
"Pituitary tumor__enh_1663","2","False","train","Pituitary tumor__enh_2108","train","Pituitary tumor"
"Pituitary tumor__enh_1664","2","True","train,val","Pituitary tumor__enh_1664","train","Pituitary tumor"
"Pituitary tumor__enh_1664","2","True","train,val","Pituitary tumor__enh_2111","val","Pituitary tumor"
"Pituitary tumor__enh_1666","2","False","train","Pituitary tumor__enh_1666","train","Pituitary tumor"
"Pituitary tumor__enh_1666","2","False","train","Pituitary tumor__enh_2112","train","Pituitary tumor"
"Pituitary tumor__enh_1668","2","True","train,val","Pituitary tumor__enh_1668","val","Pituitary tumor"
"Pituitary tumor__enh_1668","2","True","train,val","Pituitary tumor__enh_2113","train","Pituitary tumor"
"Pituitary tumor__enh_1669","2","False","train","Pituitary tumor__enh_1669","train","Pituitary tumor"
"Pituitary tumor__enh_1669","2","False","train","Pituitary tumor__enh_2114","train","Pituitary tumor"
"Pituitary tumor__enh_1671","2","False","train","Pituitary tumor__enh_1671","train","Pituitary tumor"
"Pituitary tumor__enh_1671","2","False","train","Pituitary tumor__enh_2015","train","Pituitary tumor"
"Pituitary tumor__enh_1674","2","False","train","Pituitary tumor__enh_1674","train","Pituitary tumor"
"Pituitary tumor__enh_1674","2","False","train","Pituitary tumor__enh_1957","train","Pituitary tumor"
"Pituitary tumor__enh_1680","2","False","train","Pituitary tumor__enh_1680","train","Pituitary tumor"
"Pituitary tumor__enh_1680","2","False","train","Pituitary tumor__enh_2024","train","Pituitary tumor"
"Pituitary tumor__enh_1683","2","True","train,val","Pituitary tumor__enh_1683","train","Pituitary tumor"
"Pituitary tumor__enh_1683","2","True","train,val","Pituitary tumor__enh_2027","val","Pituitary tumor"
"Pituitary tumor__enh_1687","2","False","train","Pituitary tumor__enh_1687","train","Pituitary tumor"
"Pituitary tumor__enh_1687","2","False","train","Pituitary tumor__enh_2032","train","Pituitary tumor"
"Pituitary tumor__enh_1688","2","False","train","Pituitary tumor__enh_1688","train","Pituitary tumor"
"Pituitary tumor__enh_1688","2","False","train","Pituitary tumor__enh_2033","train","Pituitary tumor"
"Pituitary tumor__enh_1690","2","False","train","Pituitary tumor__enh_1690","train","Pituitary tumor"
"Pituitary tumor__enh_1690","2","False","train","Pituitary tumor__enh_2034","train","Pituitary tumor"
"Pituitary tumor__enh_1691","2","False","train","Pituitary tumor__enh_1691","train","Pituitary tumor"
"Pituitary tumor__enh_1691","2","False","train","Pituitary tumor__enh_2035","train","Pituitary tumor"
"Pituitary tumor__enh_1701","2","False","train","Pituitary tumor__enh_1701","train","Pituitary tumor"
"Pituitary tumor__enh_1701","2","False","train","Pituitary tumor__enh_2044","train","Pituitary tumor"
"Pituitary tumor__enh_1717","2","False","train","Pituitary tumor__enh_1717","train","Pituitary tumor"
"Pituitary tumor__enh_1717","2","False","train","Pituitary tumor__enh_1960","train","Pituitary tumor"
"Pituitary tumor__enh_1719","2","True","train,val","Pituitary tumor__enh_1719","train","Pituitary tumor"
"Pituitary tumor__enh_1719","2","True","train,val","Pituitary tumor__enh_2064","val","Pituitary tumor"
"Pituitary tumor__enh_1721","2","True","train,val","Pituitary tumor__enh_1721","train","Pituitary tumor"
"Pituitary tumor__enh_1721","2","True","train,val","Pituitary tumor__enh_2068","val","Pituitary tumor"
"Pituitary tumor__enh_1737","2","False","train","Pituitary tumor__enh_1737","train","Pituitary tumor"
"Pituitary tumor__enh_1737","2","False","train","Pituitary tumor__enh_2082","train","Pituitary tumor"
"Pituitary tumor__enh_1744","2","False","train","Pituitary tumor__enh_1744","train","Pituitary tumor"
"Pituitary tumor__enh_1744","2","False","train","Pituitary tumor__enh_2089","train","Pituitary tumor"
"Pituitary tumor__enh_1749","2","False","train","Pituitary tumor__enh_1749","train","Pituitary tumor"
"Pituitary tumor__enh_1749","2","False","train","Pituitary tumor__enh_1972","train","Pituitary tumor"
"Pituitary tumor__enh_1758","2","False","train","Pituitary tumor__enh_1758","train","Pituitary tumor"
"Pituitary tumor__enh_1758","2","False","train","Pituitary tumor__enh_2001","train","Pituitary tumor"
"Pituitary tumor__enh_1760","2","True","train,val","Pituitary tumor__enh_1760","train","Pituitary tumor"
"Pituitary tumor__enh_1760","2","True","train,val","Pituitary tumor__enh_2023","val","Pituitary tumor"
"Pituitary tumor__enh_1761","2","True","train,val","Pituitary tumor__enh_1761","val","Pituitary tumor"
"Pituitary tumor__enh_1761","2","True","train,val","Pituitary tumor__enh_2031","train","Pituitary tumor"
"Pituitary tumor__enh_1829","2","False","train","Pituitary tumor__enh_1829","train","Pituitary tumor"
"Pituitary tumor__enh_1829","2","False","train","Pituitary tumor__enh_1927","train","Pituitary tumor"
"Pituitary tumor__enh_1830","2","False","train","Pituitary tumor__enh_1830","train","Pituitary tumor"
"Pituitary tumor__enh_1830","2","False","train","Pituitary tumor__enh_1928","train","Pituitary tumor"
"Pituitary tumor__enh_1850","2","True","train,val","Pituitary tumor__enh_1850","train","Pituitary tumor"
"Pituitary tumor__enh_1850","2","True","train,val","Pituitary tumor__enh_1951","val","Pituitary tumor"
"Pituitary tumor__enh_1869","2","False","train","Pituitary tumor__enh_1869","train","Pituitary tumor"
"Pituitary tumor__enh_1869","2","False","train","Pituitary tumor__enh_1986","train","Pituitary tumor"
"Pituitary tumor__enh_1880","2","False","train","Pituitary tumor__enh_1880","train","Pituitary tumor"
"Pituitary tumor__enh_1880","2","False","train","Pituitary tumor__enh_2000","train","Pituitary tumor"
"Pituitary tumor__enh_1882","2","False","train","Pituitary tumor__enh_1882","train","Pituitary tumor"
"Pituitary tumor__enh_1882","2","False","train","Pituitary tumor__enh_2002","train","Pituitary tumor"
"Pituitary tumor__enh_1888","2","False","train","Pituitary tumor__enh_1888","train","Pituitary tumor"
"Pituitary tumor__enh_1888","2","False","train","Pituitary tumor__enh_2007","train","Pituitary tumor"
"Pituitary tumor__enh_1890","2","True","train,val","Pituitary tumor__enh_1890","val","Pituitary tumor"
"Pituitary tumor__enh_1890","2","True","train,val","Pituitary tumor__enh_2008","train","Pituitary tumor"
"Pituitary tumor__enh_2136","2","False","train","Pituitary tumor__enh_2136","train","Pituitary tumor"
"Pituitary tumor__enh_2136","2","False","train","Pituitary tumor__enh_2637","train","Pituitary tumor"
"Pituitary tumor__enh_2140","2","False","train","Pituitary tumor__enh_2140","train","Pituitary tumor"
"Pituitary tumor__enh_2140","2","False","train","Pituitary tumor__enh_2640","train","Pituitary tumor"
"Pituitary tumor__enh_2142","2","True","train,val","Pituitary tumor__enh_2142","val","Pituitary tumor"
"Pituitary tumor__enh_2142","2","True","train,val","Pituitary tumor__enh_2641","train","Pituitary tumor"
"Pituitary tumor__enh_2143","2","True","train,val","Pituitary tumor__enh_2143","train","Pituitary tumor"
"Pituitary tumor__enh_2143","2","True","train,val","Pituitary tumor__enh_2642","val","Pituitary tumor"
"Pituitary tumor__enh_2146","2","False","train","Pituitary tumor__enh_2146","train","Pituitary tumor"
"Pituitary tumor__enh_2146","2","False","train","Pituitary tumor__enh_2147","train","Pituitary tumor"
"Pituitary tumor__enh_2156","2","False","train","Pituitary tumor__enh_2156","train","Pituitary tumor"
"Pituitary tumor__enh_2156","2","False","train","Pituitary tumor__enh_2559","train","Pituitary tumor"
"Pituitary tumor__enh_2158","2","False","train","Pituitary tumor__enh_2158","train","Pituitary tumor"
"Pituitary tumor__enh_2158","2","False","train","Pituitary tumor__enh_2560","train","Pituitary tumor"
"Pituitary tumor__enh_2159","2","False","train","Pituitary tumor__enh_2159","train","Pituitary tumor"
"Pituitary tumor__enh_2159","2","False","train","Pituitary tumor__enh_2561","train","Pituitary tumor"
"Pituitary tumor__enh_2160","2","False","train","Pituitary tumor__enh_2160","train","Pituitary tumor"
"Pituitary tumor__enh_2160","2","False","train","Pituitary tumor__enh_2562","train","Pituitary tumor"
"Pituitary tumor__enh_2162","2","False","train","Pituitary tumor__enh_2162","train","Pituitary tumor"
"Pituitary tumor__enh_2162","2","False","train","Pituitary tumor__enh_2564","train","Pituitary tumor"
"Pituitary tumor__enh_2163","2","False","train","Pituitary tumor__enh_2163","train","Pituitary tumor"
"Pituitary tumor__enh_2163","2","False","train","Pituitary tumor__enh_2565","train","Pituitary tumor"
"Pituitary tumor__enh_2165","2","False","train","Pituitary tumor__enh_2165","train","Pituitary tumor"
"Pituitary tumor__enh_2165","2","False","train","Pituitary tumor__enh_2566","train","Pituitary tumor"
"Pituitary tumor__enh_2166","2","True","train,val","Pituitary tumor__enh_2166","train","Pituitary tumor"
"Pituitary tumor__enh_2166","2","True","train,val","Pituitary tumor__enh_2567","val","Pituitary tumor"
"Pituitary tumor__enh_2169","2","False","train","Pituitary tumor__enh_2169","train","Pituitary tumor"
"Pituitary tumor__enh_2169","2","False","train","Pituitary tumor__enh_2569","train","Pituitary tumor"
"Pituitary tumor__enh_2182","2","False","train","Pituitary tumor__enh_2182","train","Pituitary tumor"
"Pituitary tumor__enh_2182","2","False","train","Pituitary tumor__enh_2579","train","Pituitary tumor"
"Pituitary tumor__enh_2185","2","False","train","Pituitary tumor__enh_2185","train","Pituitary tumor"
"Pituitary tumor__enh_2185","2","False","train","Pituitary tumor__enh_2581","train","Pituitary tumor"
"Pituitary tumor__enh_2194","2","False","train","Pituitary tumor__enh_2194","train","Pituitary tumor"
"Pituitary tumor__enh_2194","2","False","train","Pituitary tumor__enh_2589","train","Pituitary tumor"
"Pituitary tumor__enh_2202","2","False","train","Pituitary tumor__enh_2202","train","Pituitary tumor"
"Pituitary tumor__enh_2202","2","False","train","Pituitary tumor__enh_2599","train","Pituitary tumor"
"Pituitary tumor__enh_2203","2","False","train","Pituitary tumor__enh_2203","train","Pituitary tumor"
"Pituitary tumor__enh_2203","2","False","train","Pituitary tumor__enh_2600","train","Pituitary tumor"
"Pituitary tumor__enh_2205","2","False","train","Pituitary tumor__enh_2205","train","Pituitary tumor"
"Pituitary tumor__enh_2205","2","False","train","Pituitary tumor__enh_2602","train","Pituitary tumor"
"Pituitary tumor__enh_2206","2","True","train,val","Pituitary tumor__enh_2206","val","Pituitary tumor"
"Pituitary tumor__enh_2206","2","True","train,val","Pituitary tumor__enh_2603","train","Pituitary tumor"
"Pituitary tumor__enh_2212","2","False","train","Pituitary tumor__enh_2212","train","Pituitary tumor"
"Pituitary tumor__enh_2212","2","False","train","Pituitary tumor__enh_2608","train","Pituitary tumor"
"Pituitary tumor__enh_2214","2","False","train","Pituitary tumor__enh_2214","train","Pituitary tumor"
"Pituitary tumor__enh_2214","2","False","train","Pituitary tumor__enh_2610","train","Pituitary tumor"
"Pituitary tumor__enh_2216","2","False","train","Pituitary tumor__enh_2216","train","Pituitary tumor"
"Pituitary tumor__enh_2216","2","False","train","Pituitary tumor__enh_2611","train","Pituitary tumor"
"Pituitary tumor__enh_2218","2","False","train","Pituitary tumor__enh_2218","train","Pituitary tumor"
"Pituitary tumor__enh_2218","2","False","train","Pituitary tumor__enh_2613","train","Pituitary tumor"
"Pituitary tumor__enh_2225","2","True","train,val","Pituitary tumor__enh_2225","val","Pituitary tumor"
"Pituitary tumor__enh_2225","2","True","train,val","Pituitary tumor__enh_2620","train","Pituitary tumor"
"Pituitary tumor__enh_2230","2","False","val","Pituitary tumor__enh_2230","val","Pituitary tumor"
"Pituitary tumor__enh_2230","2","False","val","Pituitary tumor__enh_2625","val","Pituitary tumor"
"Pituitary tumor__enh_2241","2","False","train","Pituitary tumor__enh_2241","train","Pituitary tumor"
"Pituitary tumor__enh_2241","2","False","train","Pituitary tumor__enh_2633","train","Pituitary tumor"
"Pituitary tumor__enh_2242","2","False","train","Pituitary tumor__enh_2242","train","Pituitary tumor"
"Pituitary tumor__enh_2242","2","False","train","Pituitary tumor__enh_2634","train","Pituitary tumor"
"Pituitary tumor__enh_2245","2","False","train","Pituitary tumor__enh_2245","train","Pituitary tumor"
"Pituitary tumor__enh_2245","2","False","train","Pituitary tumor__enh_2636","train","Pituitary tumor"
"Pituitary tumor__enh_2253","2","False","train","Pituitary tumor__enh_2253","train","Pituitary tumor"
"Pituitary tumor__enh_2253","2","False","train","Pituitary tumor__enh_2498","train","Pituitary tumor"
"Pituitary tumor__enh_2254","2","False","train","Pituitary tumor__enh_2254","train","Pituitary tumor"
"Pituitary tumor__enh_2254","2","False","train","Pituitary tumor__enh_2499","train","Pituitary tumor"
"Pituitary tumor__enh_2269","2","False","train","Pituitary tumor__enh_2269","train","Pituitary tumor"
"Pituitary tumor__enh_2269","2","False","train","Pituitary tumor__enh_2510","train","Pituitary tumor"
"Pituitary tumor__enh_2273","2","False","train","Pituitary tumor__enh_2273","train","Pituitary tumor"
"Pituitary tumor__enh_2273","2","False","train","Pituitary tumor__enh_2513","train","Pituitary tumor"
"Pituitary tumor__enh_2274","2","False","train","Pituitary tumor__enh_2274","train","Pituitary tumor"
"Pituitary tumor__enh_2274","2","False","train","Pituitary tumor__enh_2514","train","Pituitary tumor"
"Pituitary tumor__enh_2290","2","False","train","Pituitary tumor__enh_2290","train","Pituitary tumor"
"Pituitary tumor__enh_2290","2","False","train","Pituitary tumor__enh_2527","train","Pituitary tumor"
"Pituitary tumor__enh_2292","2","True","train,val","Pituitary tumor__enh_2292","train","Pituitary tumor"
"Pituitary tumor__enh_2292","2","True","train,val","Pituitary tumor__enh_2529","val","Pituitary tumor"
"Pituitary tumor__enh_2298","2","False","train","Pituitary tumor__enh_2298","train","Pituitary tumor"
"Pituitary tumor__enh_2298","2","False","train","Pituitary tumor__enh_2534","train","Pituitary tumor"
"Pituitary tumor__enh_2303","2","False","train","Pituitary tumor__enh_2303","train","Pituitary tumor"
"Pituitary tumor__enh_2303","2","False","train","Pituitary tumor__enh_2538","train","Pituitary tumor"
"Pituitary tumor__enh_2308","2","False","train","Pituitary tumor__enh_2308","train","Pituitary tumor"
"Pituitary tumor__enh_2308","2","False","train","Pituitary tumor__enh_2542","train","Pituitary tumor"
"Pituitary tumor__enh_2316","2","True","train,val","Pituitary tumor__enh_2316","val","Pituitary tumor"
"Pituitary tumor__enh_2316","2","True","train,val","Pituitary tumor__enh_2550","train","Pituitary tumor"
"Pituitary tumor__enh_2318","2","False","train","Pituitary tumor__enh_2318","train","Pituitary tumor"
"Pituitary tumor__enh_2318","2","False","train","Pituitary tumor__enh_2551","train","Pituitary tumor"
"Pituitary tumor__enh_2319","2","False","train","Pituitary tumor__enh_2319","train","Pituitary tumor"
"Pituitary tumor__enh_2319","2","False","train","Pituitary tumor__enh_2411","train","Pituitary tumor"
"Pituitary tumor__enh_2320","2","False","train","Pituitary tumor__enh_2320","train","Pituitary tumor"
"Pituitary tumor__enh_2320","2","False","train","Pituitary tumor__enh_2412","train","Pituitary tumor"
"Pituitary tumor__enh_2323","2","True","train,val","Pituitary tumor__enh_2323","val","Pituitary tumor"
"Pituitary tumor__enh_2323","2","True","train,val","Pituitary tumor__enh_2415","train","Pituitary tumor"
"Pituitary tumor__enh_2324","2","False","train","Pituitary tumor__enh_2324","train","Pituitary tumor"
"Pituitary tumor__enh_2324","2","False","train","Pituitary tumor__enh_2418","train","Pituitary tumor"
"Pituitary tumor__enh_2325","2","False","train","Pituitary tumor__enh_2325","train","Pituitary tumor"
"Pituitary tumor__enh_2325","2","False","train","Pituitary tumor__enh_2419","train","Pituitary tumor"
"Pituitary tumor__enh_2327","2","True","train,val","Pituitary tumor__enh_2327","val","Pituitary tumor"
"Pituitary tumor__enh_2327","2","True","train,val","Pituitary tumor__enh_2420","train","Pituitary tumor"
"Pituitary tumor__enh_2328","2","False","train","Pituitary tumor__enh_2328","train","Pituitary tumor"
"Pituitary tumor__enh_2328","2","False","train","Pituitary tumor__enh_2421","train","Pituitary tumor"
"Pituitary tumor__enh_2332","2","False","train","Pituitary tumor__enh_2332","train","Pituitary tumor"
"Pituitary tumor__enh_2332","2","False","train","Pituitary tumor__enh_2425","train","Pituitary tumor"
"Pituitary tumor__enh_2336","2","True","train,val","Pituitary tumor__enh_2336","train","Pituitary tumor"
"Pituitary tumor__enh_2336","2","True","train,val","Pituitary tumor__enh_2431","val","Pituitary tumor"
"Pituitary tumor__enh_2346","2","False","train","Pituitary tumor__enh_2346","train","Pituitary tumor"
"Pituitary tumor__enh_2346","2","False","train","Pituitary tumor__enh_2438","train","Pituitary tumor"
"Pituitary tumor__enh_2347","2","True","train,val","Pituitary tumor__enh_2347","train","Pituitary tumor"
"Pituitary tumor__enh_2347","2","True","train,val","Pituitary tumor__enh_2439","val","Pituitary tumor"
"Pituitary tumor__enh_2348","2","False","train","Pituitary tumor__enh_2348","train","Pituitary tumor"
"Pituitary tumor__enh_2348","2","False","train","Pituitary tumor__enh_2440","train","Pituitary tumor"
"Pituitary tumor__enh_2351","2","False","train","Pituitary tumor__enh_2351","train","Pituitary tumor"
"Pituitary tumor__enh_2351","2","False","train","Pituitary tumor__enh_2442","train","Pituitary tumor"
"Pituitary tumor__enh_2354","2","False","train","Pituitary tumor__enh_2354","train","Pituitary tumor"
"Pituitary tumor__enh_2354","2","False","train","Pituitary tumor__enh_2446","train","Pituitary tumor"
"Pituitary tumor__enh_2356","2","True","train,val","Pituitary tumor__enh_2356","val","Pituitary tumor"
"Pituitary tumor__enh_2356","2","True","train,val","Pituitary tumor__enh_2448","train","Pituitary tumor"
"Pituitary tumor__enh_2360","2","False","train","Pituitary tumor__enh_2360","train","Pituitary tumor"
"Pituitary tumor__enh_2360","2","False","train","Pituitary tumor__enh_2451","train","Pituitary tumor"
"Pituitary tumor__enh_2369","2","False","train","Pituitary tumor__enh_2369","train","Pituitary tumor"
"Pituitary tumor__enh_2369","2","False","train","Pituitary tumor__enh_2461","train","Pituitary tumor"
"Pituitary tumor__enh_2371","2","True","train,val","Pituitary tumor__enh_2371","val","Pituitary tumor"
"Pituitary tumor__enh_2371","2","True","train,val","Pituitary tumor__enh_2462","train","Pituitary tumor"
"Pituitary tumor__enh_2372","2","False","train","Pituitary tumor__enh_2372","train","Pituitary tumor"
"Pituitary tumor__enh_2372","2","False","train","Pituitary tumor__enh_2463","train","Pituitary tumor"
"Pituitary tumor__enh_2373","2","True","train,val","Pituitary tumor__enh_2373","val","Pituitary tumor"
"Pituitary tumor__enh_2373","2","True","train,val","Pituitary tumor__enh_2464","train","Pituitary tumor"
"Pituitary tumor__enh_2376","2","True","train,val","Pituitary tumor__enh_2376","val","Pituitary tumor"
"Pituitary tumor__enh_2376","2","True","train,val","Pituitary tumor__enh_2466","train","Pituitary tumor"
"Pituitary tumor__enh_2377","2","False","train","Pituitary tumor__enh_2377","train","Pituitary tumor"
"Pituitary tumor__enh_2377","2","False","train","Pituitary tumor__enh_2467","train","Pituitary tumor"
"Pituitary tumor__enh_2379","2","False","train","Pituitary tumor__enh_2379","train","Pituitary tumor"
"Pituitary tumor__enh_2379","2","False","train","Pituitary tumor__enh_2468","train","Pituitary tumor"
"Pituitary tumor__enh_2380","2","True","train,val","Pituitary tumor__enh_2380","train","Pituitary tumor"
"Pituitary tumor__enh_2380","2","True","train,val","Pituitary tumor__enh_2469","val","Pituitary tumor"
"Pituitary tumor__enh_2381","2","False","train","Pituitary tumor__enh_2381","train","Pituitary tumor"
"Pituitary tumor__enh_2381","2","False","train","Pituitary tumor__enh_2470","train","Pituitary tumor"
"Pituitary tumor__enh_2383","2","False","train","Pituitary tumor__enh_2383","train","Pituitary tumor"
"Pituitary tumor__enh_2383","2","False","train","Pituitary tumor__enh_2471","train","Pituitary tumor"
"Pituitary tumor__enh_2385","2","False","train","Pituitary tumor__enh_2385","train","Pituitary tumor"
"Pituitary tumor__enh_2385","2","False","train","Pituitary tumor__enh_2475","train","Pituitary tumor"
"Pituitary tumor__enh_2386","2","False","train","Pituitary tumor__enh_2386","train","Pituitary tumor"
"Pituitary tumor__enh_2386","2","False","train","Pituitary tumor__enh_2474","train","Pituitary tumor"
"Pituitary tumor__enh_2387","2","True","train,val","Pituitary tumor__enh_2387","train","Pituitary tumor"
"Pituitary tumor__enh_2387","2","True","train,val","Pituitary tumor__enh_2479","val","Pituitary tumor"
"Pituitary tumor__enh_2393","2","False","val","Pituitary tumor__enh_2393","val","Pituitary tumor"
"Pituitary tumor__enh_2393","2","False","val","Pituitary tumor__enh_2486","val","Pituitary tumor"
"Pituitary tumor__enh_2395","2","False","train","Pituitary tumor__enh_2395","train","Pituitary tumor"
"Pituitary tumor__enh_2395","2","False","train","Pituitary tumor__enh_2488","train","Pituitary tumor"
"Pituitary tumor__enh_2396","2","False","train","Pituitary tumor__enh_2396","train","Pituitary tumor"
"Pituitary tumor__enh_2396","2","False","train","Pituitary tumor__enh_2489","train","Pituitary tumor"
"Pituitary tumor__enh_2400","2","False","train","Pituitary tumor__enh_2400","train","Pituitary tumor"
"Pituitary tumor__enh_2400","2","False","train","Pituitary tumor__enh_2408","train","Pituitary tumor"
"Pituitary tumor__enh_2401","2","True","train,val","Pituitary tumor__enh_2401","val","Pituitary tumor"
"Pituitary tumor__enh_2401","2","True","train,val","Pituitary tumor__enh_2409","train","Pituitary tumor"
"Pituitary tumor__enh_2402","2","False","train","Pituitary tumor__enh_2402","train","Pituitary tumor"
"Pituitary tumor__enh_2402","2","False","train","Pituitary tumor__enh_2410","train","Pituitary tumor"
"Pituitary tumor__enh_2404","2","False","train","Pituitary tumor__enh_2404","train","Pituitary tumor"
"Pituitary tumor__enh_2404","2","False","train","Pituitary tumor__enh_2472","train","Pituitary tumor"
"Pituitary tumor__enh_962","2","False","test","Pituitary tumor__enh_962","test","Pituitary tumor"
"Pituitary tumor__enh_962","2","False","test","Pituitary tumor__enh_978","test","Pituitary tumor"
